candidate_id,group_key,group_label,group_a,group_b,metric,metric_label,classification_cutoff,accuracy_pp,fairness_disparity_pp,group_a_n,group_b_n,group_a_positive_n,group_b_positive_n,group_a_negative_n,group_b_negative_n,group_a_tp,group_a_fp,group_a_tn,group_a_fn,group_b_tp,group_b_fp,group_b_tn,group_b_fn,group_a_selection_rate,group_b_selection_rate,group_a_tpr,group_b_tpr,group_a_fpr,group_b_fpr,point_valid,invalid_reason
C01,dataset_coded_sex,Dataset-coded Sex,Female,Male,demographic_parity,Demographic Parity,0.05,70.0000,0.0000,55,145,35,105,20,40,35,20,0,0,105,40,0,0,1.000000,1.000000,1.000000,1.000000,1.000000,1.000000,true,
C01,dataset_coded_sex,Dataset-coded Sex,Female,Male,demographic_parity,Demographic Parity,0.06,70.0000,0.0000,55,145,35,105,20,40,35,20,0,0,105,40,0,0,1.000000,1.000000,1.000000,1.000000,1.000000,1.000000,true,
C01,dataset_coded_sex,Dataset-coded Sex,Female,Male,demographic_parity,Demographic Parity,0.07,70.0000,0.0000,55,145,35,105,20,40,35,20,0,0,105,40,0,0,1.000000,1.000000,1.000000,1.000000,1.000000,1.000000,true,
C01,dataset_coded_sex,Dataset-coded Sex,Female,Male,demographic_parity,Demographic Parity,0.08,70.0000,0.0000,55,145,35,105,20,40,35,20,0,0,105,40,0,0,1.000000,1.000000,1.000000,1.000000,1.000000,1.000000,true,
C01,dataset_coded_sex,Dataset-coded Sex,Female,Male,demographic_parity,Demographic Parity,0.09,70.0000,0.0000,55,145,35,105,20,40,35,20,0,0,105,40,0,0,1.000000,1.000000,1.000000,1.000000,1.000000,1.000000,true,
C01,dataset_coded_sex,Dataset-coded Sex,Female,Male,demographic_parity,Demographic Parity,0.10,70.0000,0.0000,55,145,35,105,20,40,35,20,0,0,105,40,0,0,1.000000,1.000000,1.000000,1.000000,1.000000,1.000000,true,
C01,dataset_coded_sex,Dataset-coded Sex,Female,Male,demographic_parity,Demographic Parity,0.11,70.0000,0.0000,55,145,35,105,20,40,35,20,0,0,105,40,0,0,1.000000,1.000000,1.000000,1.000000,1.000000,1.000000,true,
C01,dataset_coded_sex,Dataset-coded Sex,Female,Male,demographic_parity,Demographic Parity,0.12,70.0000,0.0000,55,145,35,105,20,40,35,20,0,0,105,40,0,0,1.000000,1.000000,1.000000,1.000000,1.000000,1.000000,true,
C01,dataset_coded_sex,Dataset-coded Sex,Female,Male,demographic_parity,Demographic Parity,0.13,70.0000,0.0000,55,145,35,105,20,40,35,20,0,0,105,40,0,0,1.000000,1.000000,1.000000,1.000000,1.000000,1.000000,true,
C01,dataset_coded_sex,Dataset-coded Sex,Female,Male,demographic_parity,Demographic Parity,0.14,70.0000,0.0000,55,145,35,105,20,40,35,20,0,0,105,40,0,0,1.000000,1.000000,1.000000,1.000000,1.000000,1.000000,true,
C01,dataset_coded_sex,Dataset-coded Sex,Female,Male,demographic_parity,Demographic Parity,0.15,70.0000,0.0000,55,145,35,105,20,40,35,20,0,0,105,40,0,0,1.000000,1.000000,1.000000,1.000000,1.000000,1.000000,true,
C01,dataset_coded_sex,Dataset-coded Sex,Female,Male,demographic_parity,Demographic Parity,0.16,70.0000,0.0000,55,145,35,105,20,40,35,20,0,0,105,40,0,0,1.000000,1.000000,1.000000,1.000000,1.000000,1.000000,true,
C01,dataset_coded_sex,Dataset-coded Sex,Female,Male,demographic_parity,Demographic Parity,0.17,70.0000,0.0000,55,145,35,105,20,40,35,20,0,0,105,40,0,0,1.000000,1.000000,1.000000,1.000000,1.000000,1.000000,true,
C01,dataset_coded_sex,Dataset-coded Sex,Female,Male,demographic_parity,Demographic Parity,0.18,70.0000,0.0000,55,145,35,105,20,40,35,20,0,0,105,40,0,0,1.000000,1.000000,1.000000,1.000000,1.000000,1.000000,true,
C01,dataset_coded_sex,Dataset-coded Sex,Female,Male,demographic_parity,Demographic Parity,0.19,70.0000,0.0000,55,145,35,105,20,40,35,20,0,0,105,40,0,0,1.000000,1.000000,1.000000,1.000000,1.000000,1.000000,true,
C01,dataset_coded_sex,Dataset-coded Sex,Female,Male,demographic_parity,Demographic Parity,0.20,70.0000,0.0000,55,145,35,105,20,40,35,20,0,0,105,40,0,0,1.000000,1.000000,1.000000,1.000000,1.000000,1.000000,true,
C01,dataset_coded_sex,Dataset-coded Sex,Female,Male,demographic_parity,Demographic Parity,0.21,70.0000,0.0000,55,145,35,105,20,40,35,20,0,0,105,40,0,0,1.000000,1.000000,1.000000,1.000000,1.000000,1.000000,true,
C01,dataset_coded_sex,Dataset-coded Sex,Female,Male,demographic_parity,Demographic Parity,0.22,70.0000,0.0000,55,145,35,105,20,40,35,20,0,0,105,40,0,0,1.000000,1.000000,1.000000,1.000000,1.000000,1.000000,true,
C01,dataset_coded_sex,Dataset-coded Sex,Female,Male,demographic_parity,Demographic Parity,0.23,70.0000,0.0000,55,145,35,105,20,40,35,20,0,0,105,40,0,0,1.000000,1.000000,1.000000,1.000000,1.000000,1.000000,true,
C01,dataset_coded_sex,Dataset-coded Sex,Female,Male,demographic_parity,Demographic Parity,0.24,70.0000,0.0000,55,145,35,105,20,40,35,20,0,0,105,40,0,0,1.000000,1.000000,1.000000,1.000000,1.000000,1.000000,true,
C01,dataset_coded_sex,Dataset-coded Sex,Female,Male,demographic_parity,Demographic Parity,0.25,70.0000,0.0000,55,145,35,105,20,40,35,20,0,0,105,40,0,0,1.000000,1.000000,1.000000,1.000000,1.000000,1.000000,true,
C01,dataset_coded_sex,Dataset-coded Sex,Female,Male,demographic_parity,Demographic Parity,0.26,70.0000,0.0000,55,145,35,105,20,40,35,20,0,0,105,40,0,0,1.000000,1.000000,1.000000,1.000000,1.000000,1.000000,true,
C01,dataset_coded_sex,Dataset-coded Sex,Female,Male,demographic_parity,Demographic Parity,0.27,70.0000,0.0000,55,145,35,105,20,40,35,20,0,0,105,40,0,0,1.000000,1.000000,1.000000,1.000000,1.000000,1.000000,true,
C01,dataset_coded_sex,Dataset-coded Sex,Female,Male,demographic_parity,Demographic Parity,0.28,70.0000,0.0000,55,145,35,105,20,40,35,20,0,0,105,40,0,0,1.000000,1.000000,1.000000,1.000000,1.000000,1.000000,true,
C01,dataset_coded_sex,Dataset-coded Sex,Female,Male,demographic_parity,Demographic Parity,0.29,70.0000,0.0000,55,145,35,105,20,40,35,20,0,0,105,40,0,0,1.000000,1.000000,1.000000,1.000000,1.000000,1.000000,true,
C01,dataset_coded_sex,Dataset-coded Sex,Female,Male,demographic_parity,Demographic Parity,0.30,70.0000,0.0000,55,145,35,105,20,40,35,20,0,0,105,40,0,0,1.000000,1.000000,1.000000,1.000000,1.000000,1.000000,true,
C01,dataset_coded_sex,Dataset-coded Sex,Female,Male,demographic_parity,Demographic Parity,0.31,70.5000,0.6897,55,145,35,105,20,40,35,20,0,0,105,39,1,0,1.000000,0.993103,1.000000,1.000000,1.000000,0.975000,true,
C01,dataset_coded_sex,Dataset-coded Sex,Female,Male,demographic_parity,Demographic Parity,0.32,70.5000,0.6897,55,145,35,105,20,40,35,20,0,0,105,39,1,0,1.000000,0.993103,1.000000,1.000000,1.000000,0.975000,true,
C01,dataset_coded_sex,Dataset-coded Sex,Female,Male,demographic_parity,Demographic Parity,0.33,71.0000,1.1285,55,145,35,105,20,40,35,19,1,0,105,39,1,0,0.981818,0.993103,1.000000,1.000000,0.950000,0.975000,true,
C01,dataset_coded_sex,Dataset-coded Sex,Female,Male,demographic_parity,Demographic Parity,0.34,71.0000,1.1285,55,145,35,105,20,40,35,19,1,0,105,39,1,0,0.981818,0.993103,1.000000,1.000000,0.950000,0.975000,true,
C01,dataset_coded_sex,Dataset-coded Sex,Female,Male,demographic_parity,Demographic Parity,0.35,71.0000,1.1285,55,145,35,105,20,40,35,19,1,0,105,39,1,0,0.981818,0.993103,1.000000,1.000000,0.950000,0.975000,true,
C01,dataset_coded_sex,Dataset-coded Sex,Female,Male,demographic_parity,Demographic Parity,0.36,71.5000,0.4389,55,145,35,105,20,40,35,19,1,0,105,38,2,0,0.981818,0.986207,1.000000,1.000000,0.950000,0.950000,true,
C01,dataset_coded_sex,Dataset-coded Sex,Female,Male,demographic_parity,Demographic Parity,0.37,72.0000,0.2508,55,145,35,105,20,40,35,19,1,0,105,37,3,0,0.981818,0.979310,1.000000,1.000000,0.950000,0.925000,true,
C01,dataset_coded_sex,Dataset-coded Sex,Female,Male,demographic_parity,Demographic Parity,0.38,72.5000,0.9404,55,145,35,105,20,40,35,19,1,0,105,36,4,0,0.981818,0.972414,1.000000,1.000000,0.950000,0.900000,true,
C01,dataset_coded_sex,Dataset-coded Sex,Female,Male,demographic_parity,Demographic Parity,0.39,72.5000,0.9404,55,145,35,105,20,40,35,19,1,0,105,36,4,0,0.981818,0.972414,1.000000,1.000000,0.950000,0.900000,true,
C01,dataset_coded_sex,Dataset-coded Sex,Female,Male,demographic_parity,Demographic Parity,0.40,72.5000,0.9404,55,145,35,105,20,40,35,19,1,0,105,36,4,0,0.981818,0.972414,1.000000,1.000000,0.950000,0.900000,true,
C01,dataset_coded_sex,Dataset-coded Sex,Female,Male,demographic_parity,Demographic Parity,0.41,74.0000,0.5016,55,145,35,105,20,40,35,18,2,0,105,34,6,0,0.963636,0.958621,1.000000,1.000000,0.900000,0.850000,true,
C01,dataset_coded_sex,Dataset-coded Sex,Female,Male,demographic_parity,Demographic Parity,0.42,74.0000,0.5016,55,145,35,105,20,40,35,18,2,0,105,34,6,0,0.963636,0.958621,1.000000,1.000000,0.900000,0.850000,true,
C01,dataset_coded_sex,Dataset-coded Sex,Female,Male,demographic_parity,Demographic Parity,0.43,76.0000,1.7555,55,145,35,105,20,40,35,16,4,0,105,32,8,0,0.927273,0.944828,1.000000,1.000000,0.800000,0.800000,true,
C01,dataset_coded_sex,Dataset-coded Sex,Female,Male,demographic_parity,Demographic Parity,0.44,76.0000,2.8840,55,145,35,105,20,40,35,15,5,0,104,32,8,1,0.909091,0.937931,1.000000,0.990476,0.750000,0.800000,true,
C01,dataset_coded_sex,Dataset-coded Sex,Female,Male,demographic_parity,Demographic Parity,0.45,76.5000,2.1944,55,145,35,105,20,40,35,15,5,0,104,31,9,1,0.909091,0.931034,1.000000,0.990476,0.750000,0.775000,true,
C01,dataset_coded_sex,Dataset-coded Sex,Female,Male,demographic_parity,Demographic Parity,0.46,76.0000,0.1254,55,145,35,105,20,40,35,15,5,0,102,30,10,3,0.909091,0.910345,1.000000,0.971429,0.750000,0.750000,true,
C01,dataset_coded_sex,Dataset-coded Sex,Female,Male,demographic_parity,Demographic Parity,0.47,75.5000,0.5643,55,145,35,105,20,40,35,15,5,0,101,30,10,4,0.909091,0.903448,1.000000,0.961905,0.750000,0.750000,true,
C01,dataset_coded_sex,Dataset-coded Sex,Female,Male,demographic_parity,Demographic Parity,0.48,75.0000,2.6332,55,145,35,105,20,40,35,15,5,0,99,29,11,6,0.909091,0.882759,1.000000,0.942857,0.750000,0.725000,true,
C01,dataset_coded_sex,Dataset-coded Sex,Female,Male,demographic_parity,Demographic Parity,0.49,76.5000,2.1944,55,145,35,105,20,40,35,14,6,0,99,27,13,6,0.890909,0.868966,1.000000,0.942857,0.700000,0.675000,true,
C01,dataset_coded_sex,Dataset-coded Sex,Female,Male,demographic_parity,Demographic Parity,0.50,77.0000,1.7555,55,145,35,105,20,40,35,13,7,0,98,26,14,7,0.872727,0.855172,1.000000,0.933333,0.650000,0.650000,true,
C01,dataset_coded_sex,Dataset-coded Sex,Female,Male,demographic_parity,Demographic Parity,0.51,76.0000,1.8809,55,145,35,105,20,40,33,13,7,2,98,26,14,7,0.836364,0.855172,0.942857,0.933333,0.650000,0.650000,true,
C01,dataset_coded_sex,Dataset-coded Sex,Female,Male,demographic_parity,Demographic Parity,0.52,76.5000,2.3197,55,145,35,105,20,40,32,13,7,3,98,24,16,7,0.818182,0.841379,0.914286,0.933333,0.650000,0.600000,true,
C01,dataset_coded_sex,Dataset-coded Sex,Female,Male,demographic_parity,Demographic Parity,0.53,77.5000,4.5768,55,145,35,105,20,40,32,11,9,3,97,23,17,8,0.781818,0.827586,0.914286,0.923810,0.550000,0.575000,true,
C01,dataset_coded_sex,Dataset-coded Sex,Female,Male,demographic_parity,Demographic Parity,0.54,77.5000,3.1975,55,145,35,105,20,40,32,11,9,3,96,22,18,9,0.781818,0.813793,0.914286,0.914286,0.550000,0.550000,true,
C01,dataset_coded_sex,Dataset-coded Sex,Female,Male,demographic_parity,Demographic Parity,0.55,79.5000,5.4545,55,145,35,105,20,40,32,9,11,3,96,20,20,9,0.745455,0.800000,0.914286,0.914286,0.450000,0.500000,true,
C01,dataset_coded_sex,Dataset-coded Sex,Female,Male,demographic_parity,Demographic Parity,0.56,78.0000,5.8934,55,145,35,105,20,40,31,9,11,4,94,20,20,11,0.727273,0.786207,0.885714,0.895238,0.450000,0.500000,true,
C01,dataset_coded_sex,Dataset-coded Sex,Female,Male,demographic_parity,Demographic Parity,0.57,79.5000,8.8401,55,145,35,105,20,40,31,7,13,4,94,19,21,11,0.690909,0.779310,0.885714,0.895238,0.350000,0.475000,true,
C01,dataset_coded_sex,Dataset-coded Sex,Female,Male,demographic_parity,Demographic Parity,0.58,79.5000,9.9687,55,145,35,105,20,40,30,7,13,5,94,18,22,11,0.672727,0.772414,0.857143,0.895238,0.350000,0.450000,true,
C01,dataset_coded_sex,Dataset-coded Sex,Female,Male,demographic_parity,Demographic Parity,0.59,79.5000,9.9687,55,145,35,105,20,40,30,7,13,5,94,18,22,11,0.672727,0.772414,0.857143,0.895238,0.350000,0.450000,true,
C01,dataset_coded_sex,Dataset-coded Sex,Female,Male,demographic_parity,Demographic Parity,0.60,79.0000,9.2790,55,145,35,105,20,40,30,7,13,5,93,18,22,12,0.672727,0.765517,0.857143,0.885714,0.350000,0.450000,true,
C01,dataset_coded_sex,Dataset-coded Sex,Female,Male,demographic_parity,Demographic Parity,0.61,80.0000,7.8997,55,145,35,105,20,40,30,7,13,5,93,16,24,12,0.672727,0.751724,0.857143,0.885714,0.350000,0.400000,true,
C01,dataset_coded_sex,Dataset-coded Sex,Female,Male,demographic_parity,Demographic Parity,0.62,80.0000,6.5204,55,145,35,105,20,40,30,7,13,5,92,15,25,13,0.672727,0.737931,0.857143,0.876190,0.350000,0.375000,true,
C01,dataset_coded_sex,Dataset-coded Sex,Female,Male,demographic_parity,Demographic Parity,0.63,79.5000,6.9592,55,145,35,105,20,40,29,7,13,6,91,14,26,14,0.654545,0.724138,0.828571,0.866667,0.350000,0.350000,true,
C01,dataset_coded_sex,Dataset-coded Sex,Female,Male,demographic_parity,Demographic Parity,0.64,80.0000,8.7774,55,145,35,105,20,40,29,6,14,6,91,14,26,14,0.636364,0.724138,0.828571,0.866667,0.300000,0.350000,true,
C01,dataset_coded_sex,Dataset-coded Sex,Female,Male,demographic_parity,Demographic Parity,0.65,79.5000,10.5956,55,145,35,105,20,40,28,6,14,7,91,14,26,14,0.618182,0.724138,0.800000,0.866667,0.300000,0.350000,true,
C01,dataset_coded_sex,Dataset-coded Sex,Female,Male,demographic_parity,Demographic Parity,0.66,77.0000,9.6552,55,145,35,105,20,40,27,6,14,8,87,14,26,18,0.600000,0.696552,0.771429,0.828571,0.300000,0.350000,true,
C01,dataset_coded_sex,Dataset-coded Sex,Female,Male,demographic_parity,Demographic Parity,0.67,77.0000,10.7837,55,145,35,105,20,40,27,5,15,8,86,14,26,19,0.581818,0.689655,0.771429,0.819048,0.250000,0.350000,true,
C01,dataset_coded_sex,Dataset-coded Sex,Female,Male,demographic_parity,Demographic Parity,0.68,76.0000,9.4044,55,145,35,105,20,40,27,5,15,8,84,14,26,21,0.581818,0.675862,0.771429,0.800000,0.250000,0.350000,true,
C01,dataset_coded_sex,Dataset-coded Sex,Female,Male,demographic_parity,Demographic Parity,0.69,75.0000,11.6614,55,145,35,105,20,40,25,5,15,10,83,13,27,22,0.545455,0.662069,0.714286,0.790476,0.250000,0.325000,true,
C01,dataset_coded_sex,Dataset-coded Sex,Female,Male,demographic_parity,Demographic Parity,0.70,74.5000,10.7210,55,145,35,105,20,40,25,4,16,10,80,12,28,25,0.527273,0.634483,0.714286,0.761905,0.200000,0.300000,true,
C01,dataset_coded_sex,Dataset-coded Sex,Female,Male,demographic_parity,Demographic Parity,0.71,73.5000,7.9624,55,145,35,105,20,40,25,4,16,10,77,11,29,28,0.527273,0.606897,0.714286,0.733333,0.200000,0.275000,true,
C01,dataset_coded_sex,Dataset-coded Sex,Female,Male,demographic_parity,Demographic Parity,0.72,72.0000,8.4013,55,145,35,105,20,40,24,4,16,11,75,11,29,30,0.509091,0.593103,0.685714,0.714286,0.200000,0.275000,true,
C01,dataset_coded_sex,Dataset-coded Sex,Female,Male,demographic_parity,Demographic Parity,0.73,71.5000,11.3480,55,145,35,105,20,40,23,3,17,12,74,11,29,31,0.472727,0.586207,0.657143,0.704762,0.150000,0.275000,true,
C01,dataset_coded_sex,Dataset-coded Sex,Female,Male,demographic_parity,Demographic Parity,0.74,70.5000,9.9687,55,145,35,105,20,40,23,3,17,12,72,11,29,33,0.472727,0.572414,0.657143,0.685714,0.150000,0.275000,true,
C01,dataset_coded_sex,Dataset-coded Sex,Female,Male,demographic_parity,Demographic Parity,0.75,67.5000,10.8464,55,145,35,105,20,40,21,3,17,14,68,11,29,37,0.436364,0.544828,0.600000,0.647619,0.150000,0.275000,true,
C01,dataset_coded_sex,Dataset-coded Sex,Female,Male,demographic_parity,Demographic Parity,0.76,66.5000,15.6113,55,145,35,105,20,40,19,2,18,16,67,11,29,38,0.381818,0.537931,0.542857,0.638095,0.100000,0.275000,true,
C01,dataset_coded_sex,Dataset-coded Sex,Female,Male,demographic_parity,Demographic Parity,0.77,63.5000,16.4890,55,145,35,105,20,40,17,2,18,18,63,11,29,42,0.345455,0.510345,0.485714,0.600000,0.100000,0.275000,true,
C01,dataset_coded_sex,Dataset-coded Sex,Female,Male,demographic_parity,Demographic Parity,0.78,60.5000,13.4796,55,145,35,105,20,40,16,2,18,19,57,10,30,48,0.327273,0.462069,0.457143,0.542857,0.100000,0.250000,true,
C01,dataset_coded_sex,Dataset-coded Sex,Female,Male,demographic_parity,Demographic Parity,0.79,59.5000,14.6082,55,145,35,105,20,40,15,2,18,20,56,10,30,49,0.309091,0.455172,0.428571,0.533333,0.100000,0.250000,true,
C01,dataset_coded_sex,Dataset-coded Sex,Female,Male,demographic_parity,Demographic Parity,0.80,59.5000,13.2288,55,145,35,105,20,40,15,2,18,20,55,9,31,50,0.309091,0.441379,0.428571,0.523810,0.100000,0.225000,true,
C01,dataset_coded_sex,Dataset-coded Sex,Female,Male,demographic_parity,Demographic Parity,0.81,56.0000,17.0533,55,145,35,105,20,40,11,2,18,24,51,8,32,54,0.236364,0.406897,0.314286,0.485714,0.100000,0.200000,true,
C01,dataset_coded_sex,Dataset-coded Sex,Female,Male,demographic_parity,Demographic Parity,0.82,55.0000,16.8025,55,145,35,105,20,40,10,2,18,25,49,7,33,56,0.218182,0.386207,0.285714,0.466667,0.100000,0.175000,true,
C01,dataset_coded_sex,Dataset-coded Sex,Female,Male,demographic_parity,Demographic Parity,0.83,53.0000,12.6646,55,145,35,105,20,40,10,2,18,25,44,6,34,61,0.218182,0.344828,0.285714,0.419048,0.100000,0.150000,true,
C01,dataset_coded_sex,Dataset-coded Sex,Female,Male,demographic_parity,Demographic Parity,0.84,49.5000,8.9655,55,145,35,105,20,40,9,2,18,26,37,5,35,68,0.200000,0.289655,0.257143,0.352381,0.100000,0.125000,true,
C01,dataset_coded_sex,Dataset-coded Sex,Female,Male,demographic_parity,Demographic Parity,0.85,47.0000,9.1536,55,145,35,105,20,40,8,1,19,27,32,5,35,73,0.163636,0.255172,0.228571,0.304762,0.050000,0.125000,true,
C01,dataset_coded_sex,Dataset-coded Sex,Female,Male,demographic_parity,Demographic Parity,0.86,45.5000,10.7210,55,145,35,105,20,40,6,1,19,29,30,4,36,75,0.127273,0.234483,0.171429,0.285714,0.050000,0.100000,true,
C01,dataset_coded_sex,Dataset-coded Sex,Female,Male,demographic_parity,Demographic Parity,0.87,44.5000,9.3417,55,145,35,105,20,40,6,1,19,29,28,4,36,77,0.127273,0.220690,0.171429,0.266667,0.050000,0.100000,true,
C01,dataset_coded_sex,Dataset-coded Sex,Female,Male,demographic_parity,Demographic Parity,0.88,44.0000,9.7806,55,145,35,105,20,40,5,1,19,30,27,3,37,78,0.109091,0.206897,0.142857,0.257143,0.050000,0.075000,true,
C01,dataset_coded_sex,Dataset-coded Sex,Female,Male,demographic_parity,Demographic Parity,0.89,41.5000,11.3480,55,145,35,105,20,40,3,1,19,32,24,3,37,81,0.072727,0.186207,0.085714,0.228571,0.050000,0.075000,true,
C01,dataset_coded_sex,Dataset-coded Sex,Female,Male,demographic_parity,Demographic Parity,0.90,39.0000,6.5204,55,145,35,105,20,40,3,1,19,32,18,2,38,87,0.072727,0.137931,0.085714,0.171429,0.050000,0.050000,true,
C01,dataset_coded_sex,Dataset-coded Sex,Female,Male,demographic_parity,Demographic Parity,0.91,36.5000,3.0721,55,145,35,105,20,40,3,1,19,32,13,2,38,92,0.072727,0.103448,0.085714,0.123810,0.050000,0.050000,true,
C01,dataset_coded_sex,Dataset-coded Sex,Female,Male,demographic_parity,Demographic Parity,0.92,33.5000,1.1912,55,145,35,105,20,40,1,1,19,34,7,0,40,98,0.036364,0.048276,0.028571,0.066667,0.050000,0.000000,true,
C01,dataset_coded_sex,Dataset-coded Sex,Female,Male,demographic_parity,Demographic Parity,0.93,32.0000,0.8777,55,145,35,105,20,40,1,1,19,34,4,0,40,101,0.036364,0.027586,0.028571,0.038095,0.050000,0.000000,true,
C01,dataset_coded_sex,Dataset-coded Sex,Female,Male,demographic_parity,Demographic Parity,0.94,31.0000,1.3793,55,145,35,105,20,40,0,0,20,35,2,0,40,103,0.000000,0.013793,0.000000,0.019048,0.000000,0.000000,true,
C01,dataset_coded_sex,Dataset-coded Sex,Female,Male,demographic_parity,Demographic Parity,0.95,30.5000,0.6897,55,145,35,105,20,40,0,0,20,35,1,0,40,104,0.000000,0.006897,0.000000,0.009524,0.000000,0.000000,true,
C02,dataset_coded_sex,Dataset-coded Sex,Female,Male,equal_opportunity,Equal Opportunity,0.05,70.0000,0.0000,55,145,35,105,20,40,35,20,0,0,105,40,0,0,1.000000,1.000000,1.000000,1.000000,1.000000,1.000000,true,
C02,dataset_coded_sex,Dataset-coded Sex,Female,Male,equal_opportunity,Equal Opportunity,0.06,70.0000,0.0000,55,145,35,105,20,40,35,20,0,0,105,40,0,0,1.000000,1.000000,1.000000,1.000000,1.000000,1.000000,true,
C02,dataset_coded_sex,Dataset-coded Sex,Female,Male,equal_opportunity,Equal Opportunity,0.07,70.0000,0.0000,55,145,35,105,20,40,35,20,0,0,105,40,0,0,1.000000,1.000000,1.000000,1.000000,1.000000,1.000000,true,
C02,dataset_coded_sex,Dataset-coded Sex,Female,Male,equal_opportunity,Equal Opportunity,0.08,70.0000,0.0000,55,145,35,105,20,40,35,20,0,0,105,40,0,0,1.000000,1.000000,1.000000,1.000000,1.000000,1.000000,true,
C02,dataset_coded_sex,Dataset-coded Sex,Female,Male,equal_opportunity,Equal Opportunity,0.09,70.0000,0.0000,55,145,35,105,20,40,35,20,0,0,105,40,0,0,1.000000,1.000000,1.000000,1.000000,1.000000,1.000000,true,
C02,dataset_coded_sex,Dataset-coded Sex,Female,Male,equal_opportunity,Equal Opportunity,0.10,70.0000,0.0000,55,145,35,105,20,40,35,20,0,0,105,40,0,0,1.000000,1.000000,1.000000,1.000000,1.000000,1.000000,true,
C02,dataset_coded_sex,Dataset-coded Sex,Female,Male,equal_opportunity,Equal Opportunity,0.11,70.0000,0.0000,55,145,35,105,20,40,35,20,0,0,105,40,0,0,1.000000,1.000000,1.000000,1.000000,1.000000,1.000000,true,
C02,dataset_coded_sex,Dataset-coded Sex,Female,Male,equal_opportunity,Equal Opportunity,0.12,70.0000,0.0000,55,145,35,105,20,40,35,20,0,0,105,40,0,0,1.000000,1.000000,1.000000,1.000000,1.000000,1.000000,true,
C02,dataset_coded_sex,Dataset-coded Sex,Female,Male,equal_opportunity,Equal Opportunity,0.13,70.0000,0.0000,55,145,35,105,20,40,35,20,0,0,105,40,0,0,1.000000,1.000000,1.000000,1.000000,1.000000,1.000000,true,
C02,dataset_coded_sex,Dataset-coded Sex,Female,Male,equal_opportunity,Equal Opportunity,0.14,70.0000,0.0000,55,145,35,105,20,40,35,20,0,0,105,40,0,0,1.000000,1.000000,1.000000,1.000000,1.000000,1.000000,true,
C02,dataset_coded_sex,Dataset-coded Sex,Female,Male,equal_opportunity,Equal Opportunity,0.15,70.0000,0.0000,55,145,35,105,20,40,35,20,0,0,105,40,0,0,1.000000,1.000000,1.000000,1.000000,1.000000,1.000000,true,
C02,dataset_coded_sex,Dataset-coded Sex,Female,Male,equal_opportunity,Equal Opportunity,0.16,70.0000,0.0000,55,145,35,105,20,40,35,20,0,0,105,40,0,0,1.000000,1.000000,1.000000,1.000000,1.000000,1.000000,true,
C02,dataset_coded_sex,Dataset-coded Sex,Female,Male,equal_opportunity,Equal Opportunity,0.17,70.0000,0.0000,55,145,35,105,20,40,35,20,0,0,105,40,0,0,1.000000,1.000000,1.000000,1.000000,1.000000,1.000000,true,
C02,dataset_coded_sex,Dataset-coded Sex,Female,Male,equal_opportunity,Equal Opportunity,0.18,70.0000,0.0000,55,145,35,105,20,40,35,20,0,0,105,40,0,0,1.000000,1.000000,1.000000,1.000000,1.000000,1.000000,true,
C02,dataset_coded_sex,Dataset-coded Sex,Female,Male,equal_opportunity,Equal Opportunity,0.19,70.0000,0.0000,55,145,35,105,20,40,35,20,0,0,105,40,0,0,1.000000,1.000000,1.000000,1.000000,1.000000,1.000000,true,
C02,dataset_coded_sex,Dataset-coded Sex,Female,Male,equal_opportunity,Equal Opportunity,0.20,70.0000,0.0000,55,145,35,105,20,40,35,20,0,0,105,40,0,0,1.000000,1.000000,1.000000,1.000000,1.000000,1.000000,true,
C02,dataset_coded_sex,Dataset-coded Sex,Female,Male,equal_opportunity,Equal Opportunity,0.21,70.0000,0.0000,55,145,35,105,20,40,35,20,0,0,105,40,0,0,1.000000,1.000000,1.000000,1.000000,1.000000,1.000000,true,
C02,dataset_coded_sex,Dataset-coded Sex,Female,Male,equal_opportunity,Equal Opportunity,0.22,70.0000,0.0000,55,145,35,105,20,40,35,20,0,0,105,40,0,0,1.000000,1.000000,1.000000,1.000000,1.000000,1.000000,true,
C02,dataset_coded_sex,Dataset-coded Sex,Female,Male,equal_opportunity,Equal Opportunity,0.23,70.0000,0.0000,55,145,35,105,20,40,35,20,0,0,105,40,0,0,1.000000,1.000000,1.000000,1.000000,1.000000,1.000000,true,
C02,dataset_coded_sex,Dataset-coded Sex,Female,Male,equal_opportunity,Equal Opportunity,0.24,70.0000,0.0000,55,145,35,105,20,40,35,20,0,0,105,40,0,0,1.000000,1.000000,1.000000,1.000000,1.000000,1.000000,true,
C02,dataset_coded_sex,Dataset-coded Sex,Female,Male,equal_opportunity,Equal Opportunity,0.25,70.0000,0.0000,55,145,35,105,20,40,35,20,0,0,105,40,0,0,1.000000,1.000000,1.000000,1.000000,1.000000,1.000000,true,
C02,dataset_coded_sex,Dataset-coded Sex,Female,Male,equal_opportunity,Equal Opportunity,0.26,70.0000,0.0000,55,145,35,105,20,40,35,20,0,0,105,40,0,0,1.000000,1.000000,1.000000,1.000000,1.000000,1.000000,true,
C02,dataset_coded_sex,Dataset-coded Sex,Female,Male,equal_opportunity,Equal Opportunity,0.27,70.0000,0.0000,55,145,35,105,20,40,35,20,0,0,105,40,0,0,1.000000,1.000000,1.000000,1.000000,1.000000,1.000000,true,
C02,dataset_coded_sex,Dataset-coded Sex,Female,Male,equal_opportunity,Equal Opportunity,0.28,70.0000,0.0000,55,145,35,105,20,40,35,20,0,0,105,40,0,0,1.000000,1.000000,1.000000,1.000000,1.000000,1.000000,true,
C02,dataset_coded_sex,Dataset-coded Sex,Female,Male,equal_opportunity,Equal Opportunity,0.29,70.0000,0.0000,55,145,35,105,20,40,35,20,0,0,105,40,0,0,1.000000,1.000000,1.000000,1.000000,1.000000,1.000000,true,
C02,dataset_coded_sex,Dataset-coded Sex,Female,Male,equal_opportunity,Equal Opportunity,0.30,70.0000,0.0000,55,145,35,105,20,40,35,20,0,0,105,40,0,0,1.000000,1.000000,1.000000,1.000000,1.000000,1.000000,true,
C02,dataset_coded_sex,Dataset-coded Sex,Female,Male,equal_opportunity,Equal Opportunity,0.31,70.5000,0.0000,55,145,35,105,20,40,35,20,0,0,105,39,1,0,1.000000,0.993103,1.000000,1.000000,1.000000,0.975000,true,
C02,dataset_coded_sex,Dataset-coded Sex,Female,Male,equal_opportunity,Equal Opportunity,0.32,70.5000,0.0000,55,145,35,105,20,40,35,20,0,0,105,39,1,0,1.000000,0.993103,1.000000,1.000000,1.000000,0.975000,true,
C02,dataset_coded_sex,Dataset-coded Sex,Female,Male,equal_opportunity,Equal Opportunity,0.33,71.0000,0.0000,55,145,35,105,20,40,35,19,1,0,105,39,1,0,0.981818,0.993103,1.000000,1.000000,0.950000,0.975000,true,
C02,dataset_coded_sex,Dataset-coded Sex,Female,Male,equal_opportunity,Equal Opportunity,0.34,71.0000,0.0000,55,145,35,105,20,40,35,19,1,0,105,39,1,0,0.981818,0.993103,1.000000,1.000000,0.950000,0.975000,true,
C02,dataset_coded_sex,Dataset-coded Sex,Female,Male,equal_opportunity,Equal Opportunity,0.35,71.0000,0.0000,55,145,35,105,20,40,35,19,1,0,105,39,1,0,0.981818,0.993103,1.000000,1.000000,0.950000,0.975000,true,
C02,dataset_coded_sex,Dataset-coded Sex,Female,Male,equal_opportunity,Equal Opportunity,0.36,71.5000,0.0000,55,145,35,105,20,40,35,19,1,0,105,38,2,0,0.981818,0.986207,1.000000,1.000000,0.950000,0.950000,true,
C02,dataset_coded_sex,Dataset-coded Sex,Female,Male,equal_opportunity,Equal Opportunity,0.37,72.0000,0.0000,55,145,35,105,20,40,35,19,1,0,105,37,3,0,0.981818,0.979310,1.000000,1.000000,0.950000,0.925000,true,
C02,dataset_coded_sex,Dataset-coded Sex,Female,Male,equal_opportunity,Equal Opportunity,0.38,72.5000,0.0000,55,145,35,105,20,40,35,19,1,0,105,36,4,0,0.981818,0.972414,1.000000,1.000000,0.950000,0.900000,true,
C02,dataset_coded_sex,Dataset-coded Sex,Female,Male,equal_opportunity,Equal Opportunity,0.39,72.5000,0.0000,55,145,35,105,20,40,35,19,1,0,105,36,4,0,0.981818,0.972414,1.000000,1.000000,0.950000,0.900000,true,
C02,dataset_coded_sex,Dataset-coded Sex,Female,Male,equal_opportunity,Equal Opportunity,0.40,72.5000,0.0000,55,145,35,105,20,40,35,19,1,0,105,36,4,0,0.981818,0.972414,1.000000,1.000000,0.950000,0.900000,true,
C02,dataset_coded_sex,Dataset-coded Sex,Female,Male,equal_opportunity,Equal Opportunity,0.41,74.0000,0.0000,55,145,35,105,20,40,35,18,2,0,105,34,6,0,0.963636,0.958621,1.000000,1.000000,0.900000,0.850000,true,
C02,dataset_coded_sex,Dataset-coded Sex,Female,Male,equal_opportunity,Equal Opportunity,0.42,74.0000,0.0000,55,145,35,105,20,40,35,18,2,0,105,34,6,0,0.963636,0.958621,1.000000,1.000000,0.900000,0.850000,true,
C02,dataset_coded_sex,Dataset-coded Sex,Female,Male,equal_opportunity,Equal Opportunity,0.43,76.0000,0.0000,55,145,35,105,20,40,35,16,4,0,105,32,8,0,0.927273,0.944828,1.000000,1.000000,0.800000,0.800000,true,
C02,dataset_coded_sex,Dataset-coded Sex,Female,Male,equal_opportunity,Equal Opportunity,0.44,76.0000,0.9524,55,145,35,105,20,40,35,15,5,0,104,32,8,1,0.909091,0.937931,1.000000,0.990476,0.750000,0.800000,true,
C02,dataset_coded_sex,Dataset-coded Sex,Female,Male,equal_opportunity,Equal Opportunity,0.45,76.5000,0.9524,55,145,35,105,20,40,35,15,5,0,104,31,9,1,0.909091,0.931034,1.000000,0.990476,0.750000,0.775000,true,
C02,dataset_coded_sex,Dataset-coded Sex,Female,Male,equal_opportunity,Equal Opportunity,0.46,76.0000,2.8571,55,145,35,105,20,40,35,15,5,0,102,30,10,3,0.909091,0.910345,1.000000,0.971429,0.750000,0.750000,true,
C02,dataset_coded_sex,Dataset-coded Sex,Female,Male,equal_opportunity,Equal Opportunity,0.47,75.5000,3.8095,55,145,35,105,20,40,35,15,5,0,101,30,10,4,0.909091,0.903448,1.000000,0.961905,0.750000,0.750000,true,
C02,dataset_coded_sex,Dataset-coded Sex,Female,Male,equal_opportunity,Equal Opportunity,0.48,75.0000,5.7143,55,145,35,105,20,40,35,15,5,0,99,29,11,6,0.909091,0.882759,1.000000,0.942857,0.750000,0.725000,true,
C02,dataset_coded_sex,Dataset-coded Sex,Female,Male,equal_opportunity,Equal Opportunity,0.49,76.5000,5.7143,55,145,35,105,20,40,35,14,6,0,99,27,13,6,0.890909,0.868966,1.000000,0.942857,0.700000,0.675000,true,
C02,dataset_coded_sex,Dataset-coded Sex,Female,Male,equal_opportunity,Equal Opportunity,0.50,77.0000,6.6667,55,145,35,105,20,40,35,13,7,0,98,26,14,7,0.872727,0.855172,1.000000,0.933333,0.650000,0.650000,true,
C02,dataset_coded_sex,Dataset-coded Sex,Female,Male,equal_opportunity,Equal Opportunity,0.51,76.0000,0.9524,55,145,35,105,20,40,33,13,7,2,98,26,14,7,0.836364,0.855172,0.942857,0.933333,0.650000,0.650000,true,
C02,dataset_coded_sex,Dataset-coded Sex,Female,Male,equal_opportunity,Equal Opportunity,0.52,76.5000,1.9048,55,145,35,105,20,40,32,13,7,3,98,24,16,7,0.818182,0.841379,0.914286,0.933333,0.650000,0.600000,true,
C02,dataset_coded_sex,Dataset-coded Sex,Female,Male,equal_opportunity,Equal Opportunity,0.53,77.5000,0.9524,55,145,35,105,20,40,32,11,9,3,97,23,17,8,0.781818,0.827586,0.914286,0.923810,0.550000,0.575000,true,
C02,dataset_coded_sex,Dataset-coded Sex,Female,Male,equal_opportunity,Equal Opportunity,0.54,77.5000,0.0000,55,145,35,105,20,40,32,11,9,3,96,22,18,9,0.781818,0.813793,0.914286,0.914286,0.550000,0.550000,true,
C02,dataset_coded_sex,Dataset-coded Sex,Female,Male,equal_opportunity,Equal Opportunity,0.55,79.5000,0.0000,55,145,35,105,20,40,32,9,11,3,96,20,20,9,0.745455,0.800000,0.914286,0.914286,0.450000,0.500000,true,
C02,dataset_coded_sex,Dataset-coded Sex,Female,Male,equal_opportunity,Equal Opportunity,0.56,78.0000,0.9524,55,145,35,105,20,40,31,9,11,4,94,20,20,11,0.727273,0.786207,0.885714,0.895238,0.450000,0.500000,true,
C02,dataset_coded_sex,Dataset-coded Sex,Female,Male,equal_opportunity,Equal Opportunity,0.57,79.5000,0.9524,55,145,35,105,20,40,31,7,13,4,94,19,21,11,0.690909,0.779310,0.885714,0.895238,0.350000,0.475000,true,
C02,dataset_coded_sex,Dataset-coded Sex,Female,Male,equal_opportunity,Equal Opportunity,0.58,79.5000,3.8095,55,145,35,105,20,40,30,7,13,5,94,18,22,11,0.672727,0.772414,0.857143,0.895238,0.350000,0.450000,true,
C02,dataset_coded_sex,Dataset-coded Sex,Female,Male,equal_opportunity,Equal Opportunity,0.59,79.5000,3.8095,55,145,35,105,20,40,30,7,13,5,94,18,22,11,0.672727,0.772414,0.857143,0.895238,0.350000,0.450000,true,
C02,dataset_coded_sex,Dataset-coded Sex,Female,Male,equal_opportunity,Equal Opportunity,0.60,79.0000,2.8571,55,145,35,105,20,40,30,7,13,5,93,18,22,12,0.672727,0.765517,0.857143,0.885714,0.350000,0.450000,true,
C02,dataset_coded_sex,Dataset-coded Sex,Female,Male,equal_opportunity,Equal Opportunity,0.61,80.0000,2.8571,55,145,35,105,20,40,30,7,13,5,93,16,24,12,0.672727,0.751724,0.857143,0.885714,0.350000,0.400000,true,
C02,dataset_coded_sex,Dataset-coded Sex,Female,Male,equal_opportunity,Equal Opportunity,0.62,80.0000,1.9048,55,145,35,105,20,40,30,7,13,5,92,15,25,13,0.672727,0.737931,0.857143,0.876190,0.350000,0.375000,true,
C02,dataset_coded_sex,Dataset-coded Sex,Female,Male,equal_opportunity,Equal Opportunity,0.63,79.5000,3.8095,55,145,35,105,20,40,29,7,13,6,91,14,26,14,0.654545,0.724138,0.828571,0.866667,0.350000,0.350000,true,
C02,dataset_coded_sex,Dataset-coded Sex,Female,Male,equal_opportunity,Equal Opportunity,0.64,80.0000,3.8095,55,145,35,105,20,40,29,6,14,6,91,14,26,14,0.636364,0.724138,0.828571,0.866667,0.300000,0.350000,true,
C02,dataset_coded_sex,Dataset-coded Sex,Female,Male,equal_opportunity,Equal Opportunity,0.65,79.5000,6.6667,55,145,35,105,20,40,28,6,14,7,91,14,26,14,0.618182,0.724138,0.800000,0.866667,0.300000,0.350000,true,
C02,dataset_coded_sex,Dataset-coded Sex,Female,Male,equal_opportunity,Equal Opportunity,0.66,77.0000,5.7143,55,145,35,105,20,40,27,6,14,8,87,14,26,18,0.600000,0.696552,0.771429,0.828571,0.300000,0.350000,true,
C02,dataset_coded_sex,Dataset-coded Sex,Female,Male,equal_opportunity,Equal Opportunity,0.67,77.0000,4.7619,55,145,35,105,20,40,27,5,15,8,86,14,26,19,0.581818,0.689655,0.771429,0.819048,0.250000,0.350000,true,
C02,dataset_coded_sex,Dataset-coded Sex,Female,Male,equal_opportunity,Equal Opportunity,0.68,76.0000,2.8571,55,145,35,105,20,40,27,5,15,8,84,14,26,21,0.581818,0.675862,0.771429,0.800000,0.250000,0.350000,true,
C02,dataset_coded_sex,Dataset-coded Sex,Female,Male,equal_opportunity,Equal Opportunity,0.69,75.0000,7.6190,55,145,35,105,20,40,25,5,15,10,83,13,27,22,0.545455,0.662069,0.714286,0.790476,0.250000,0.325000,true,
C02,dataset_coded_sex,Dataset-coded Sex,Female,Male,equal_opportunity,Equal Opportunity,0.70,74.5000,4.7619,55,145,35,105,20,40,25,4,16,10,80,12,28,25,0.527273,0.634483,0.714286,0.761905,0.200000,0.300000,true,
C02,dataset_coded_sex,Dataset-coded Sex,Female,Male,equal_opportunity,Equal Opportunity,0.71,73.5000,1.9048,55,145,35,105,20,40,25,4,16,10,77,11,29,28,0.527273,0.606897,0.714286,0.733333,0.200000,0.275000,true,
C02,dataset_coded_sex,Dataset-coded Sex,Female,Male,equal_opportunity,Equal Opportunity,0.72,72.0000,2.8571,55,145,35,105,20,40,24,4,16,11,75,11,29,30,0.509091,0.593103,0.685714,0.714286,0.200000,0.275000,true,
C02,dataset_coded_sex,Dataset-coded Sex,Female,Male,equal_opportunity,Equal Opportunity,0.73,71.5000,4.7619,55,145,35,105,20,40,23,3,17,12,74,11,29,31,0.472727,0.586207,0.657143,0.704762,0.150000,0.275000,true,
C02,dataset_coded_sex,Dataset-coded Sex,Female,Male,equal_opportunity,Equal Opportunity,0.74,70.5000,2.8571,55,145,35,105,20,40,23,3,17,12,72,11,29,33,0.472727,0.572414,0.657143,0.685714,0.150000,0.275000,true,
C02,dataset_coded_sex,Dataset-coded Sex,Female,Male,equal_opportunity,Equal Opportunity,0.75,67.5000,4.7619,55,145,35,105,20,40,21,3,17,14,68,11,29,37,0.436364,0.544828,0.600000,0.647619,0.150000,0.275000,true,
C02,dataset_coded_sex,Dataset-coded Sex,Female,Male,equal_opportunity,Equal Opportunity,0.76,66.5000,9.5238,55,145,35,105,20,40,19,2,18,16,67,11,29,38,0.381818,0.537931,0.542857,0.638095,0.100000,0.275000,true,
C02,dataset_coded_sex,Dataset-coded Sex,Female,Male,equal_opportunity,Equal Opportunity,0.77,63.5000,11.4286,55,145,35,105,20,40,17,2,18,18,63,11,29,42,0.345455,0.510345,0.485714,0.600000,0.100000,0.275000,true,
C02,dataset_coded_sex,Dataset-coded Sex,Female,Male,equal_opportunity,Equal Opportunity,0.78,60.5000,8.5714,55,145,35,105,20,40,16,2,18,19,57,10,30,48,0.327273,0.462069,0.457143,0.542857,0.100000,0.250000,true,
C02,dataset_coded_sex,Dataset-coded Sex,Female,Male,equal_opportunity,Equal Opportunity,0.79,59.5000,10.4762,55,145,35,105,20,40,15,2,18,20,56,10,30,49,0.309091,0.455172,0.428571,0.533333,0.100000,0.250000,true,
C02,dataset_coded_sex,Dataset-coded Sex,Female,Male,equal_opportunity,Equal Opportunity,0.80,59.5000,9.5238,55,145,35,105,20,40,15,2,18,20,55,9,31,50,0.309091,0.441379,0.428571,0.523810,0.100000,0.225000,true,
C02,dataset_coded_sex,Dataset-coded Sex,Female,Male,equal_opportunity,Equal Opportunity,0.81,56.0000,17.1429,55,145,35,105,20,40,11,2,18,24,51,8,32,54,0.236364,0.406897,0.314286,0.485714,0.100000,0.200000,true,
C02,dataset_coded_sex,Dataset-coded Sex,Female,Male,equal_opportunity,Equal Opportunity,0.82,55.0000,18.0952,55,145,35,105,20,40,10,2,18,25,49,7,33,56,0.218182,0.386207,0.285714,0.466667,0.100000,0.175000,true,
C02,dataset_coded_sex,Dataset-coded Sex,Female,Male,equal_opportunity,Equal Opportunity,0.83,53.0000,13.3333,55,145,35,105,20,40,10,2,18,25,44,6,34,61,0.218182,0.344828,0.285714,0.419048,0.100000,0.150000,true,
C02,dataset_coded_sex,Dataset-coded Sex,Female,Male,equal_opportunity,Equal Opportunity,0.84,49.5000,9.5238,55,145,35,105,20,40,9,2,18,26,37,5,35,68,0.200000,0.289655,0.257143,0.352381,0.100000,0.125000,true,
C02,dataset_coded_sex,Dataset-coded Sex,Female,Male,equal_opportunity,Equal Opportunity,0.85,47.0000,7.6190,55,145,35,105,20,40,8,1,19,27,32,5,35,73,0.163636,0.255172,0.228571,0.304762,0.050000,0.125000,true,
C02,dataset_coded_sex,Dataset-coded Sex,Female,Male,equal_opportunity,Equal Opportunity,0.86,45.5000,11.4286,55,145,35,105,20,40,6,1,19,29,30,4,36,75,0.127273,0.234483,0.171429,0.285714,0.050000,0.100000,true,
C02,dataset_coded_sex,Dataset-coded Sex,Female,Male,equal_opportunity,Equal Opportunity,0.87,44.5000,9.5238,55,145,35,105,20,40,6,1,19,29,28,4,36,77,0.127273,0.220690,0.171429,0.266667,0.050000,0.100000,true,
C02,dataset_coded_sex,Dataset-coded Sex,Female,Male,equal_opportunity,Equal Opportunity,0.88,44.0000,11.4286,55,145,35,105,20,40,5,1,19,30,27,3,37,78,0.109091,0.206897,0.142857,0.257143,0.050000,0.075000,true,
C02,dataset_coded_sex,Dataset-coded Sex,Female,Male,equal_opportunity,Equal Opportunity,0.89,41.5000,14.2857,55,145,35,105,20,40,3,1,19,32,24,3,37,81,0.072727,0.186207,0.085714,0.228571,0.050000,0.075000,true,
C02,dataset_coded_sex,Dataset-coded Sex,Female,Male,equal_opportunity,Equal Opportunity,0.90,39.0000,8.5714,55,145,35,105,20,40,3,1,19,32,18,2,38,87,0.072727,0.137931,0.085714,0.171429,0.050000,0.050000,true,
C02,dataset_coded_sex,Dataset-coded Sex,Female,Male,equal_opportunity,Equal Opportunity,0.91,36.5000,3.8095,55,145,35,105,20,40,3,1,19,32,13,2,38,92,0.072727,0.103448,0.085714,0.123810,0.050000,0.050000,true,
C02,dataset_coded_sex,Dataset-coded Sex,Female,Male,equal_opportunity,Equal Opportunity,0.92,33.5000,3.8095,55,145,35,105,20,40,1,1,19,34,7,0,40,98,0.036364,0.048276,0.028571,0.066667,0.050000,0.000000,true,
C02,dataset_coded_sex,Dataset-coded Sex,Female,Male,equal_opportunity,Equal Opportunity,0.93,32.0000,0.9524,55,145,35,105,20,40,1,1,19,34,4,0,40,101,0.036364,0.027586,0.028571,0.038095,0.050000,0.000000,true,
C02,dataset_coded_sex,Dataset-coded Sex,Female,Male,equal_opportunity,Equal Opportunity,0.94,31.0000,1.9048,55,145,35,105,20,40,0,0,20,35,2,0,40,103,0.000000,0.013793,0.000000,0.019048,0.000000,0.000000,true,
C02,dataset_coded_sex,Dataset-coded Sex,Female,Male,equal_opportunity,Equal Opportunity,0.95,30.5000,0.9524,55,145,35,105,20,40,0,0,20,35,1,0,40,104,0.000000,0.006897,0.000000,0.009524,0.000000,0.000000,true,
C03,dataset_coded_sex,Dataset-coded Sex,Female,Male,equalized_odds,Equalized Odds,0.05,70.0000,0.0000,55,145,35,105,20,40,35,20,0,0,105,40,0,0,1.000000,1.000000,1.000000,1.000000,1.000000,1.000000,true,
C03,dataset_coded_sex,Dataset-coded Sex,Female,Male,equalized_odds,Equalized Odds,0.06,70.0000,0.0000,55,145,35,105,20,40,35,20,0,0,105,40,0,0,1.000000,1.000000,1.000000,1.000000,1.000000,1.000000,true,
C03,dataset_coded_sex,Dataset-coded Sex,Female,Male,equalized_odds,Equalized Odds,0.07,70.0000,0.0000,55,145,35,105,20,40,35,20,0,0,105,40,0,0,1.000000,1.000000,1.000000,1.000000,1.000000,1.000000,true,
C03,dataset_coded_sex,Dataset-coded Sex,Female,Male,equalized_odds,Equalized Odds,0.08,70.0000,0.0000,55,145,35,105,20,40,35,20,0,0,105,40,0,0,1.000000,1.000000,1.000000,1.000000,1.000000,1.000000,true,
C03,dataset_coded_sex,Dataset-coded Sex,Female,Male,equalized_odds,Equalized Odds,0.09,70.0000,0.0000,55,145,35,105,20,40,35,20,0,0,105,40,0,0,1.000000,1.000000,1.000000,1.000000,1.000000,1.000000,true,
C03,dataset_coded_sex,Dataset-coded Sex,Female,Male,equalized_odds,Equalized Odds,0.10,70.0000,0.0000,55,145,35,105,20,40,35,20,0,0,105,40,0,0,1.000000,1.000000,1.000000,1.000000,1.000000,1.000000,true,
C03,dataset_coded_sex,Dataset-coded Sex,Female,Male,equalized_odds,Equalized Odds,0.11,70.0000,0.0000,55,145,35,105,20,40,35,20,0,0,105,40,0,0,1.000000,1.000000,1.000000,1.000000,1.000000,1.000000,true,
C03,dataset_coded_sex,Dataset-coded Sex,Female,Male,equalized_odds,Equalized Odds,0.12,70.0000,0.0000,55,145,35,105,20,40,35,20,0,0,105,40,0,0,1.000000,1.000000,1.000000,1.000000,1.000000,1.000000,true,
C03,dataset_coded_sex,Dataset-coded Sex,Female,Male,equalized_odds,Equalized Odds,0.13,70.0000,0.0000,55,145,35,105,20,40,35,20,0,0,105,40,0,0,1.000000,1.000000,1.000000,1.000000,1.000000,1.000000,true,
C03,dataset_coded_sex,Dataset-coded Sex,Female,Male,equalized_odds,Equalized Odds,0.14,70.0000,0.0000,55,145,35,105,20,40,35,20,0,0,105,40,0,0,1.000000,1.000000,1.000000,1.000000,1.000000,1.000000,true,
C03,dataset_coded_sex,Dataset-coded Sex,Female,Male,equalized_odds,Equalized Odds,0.15,70.0000,0.0000,55,145,35,105,20,40,35,20,0,0,105,40,0,0,1.000000,1.000000,1.000000,1.000000,1.000000,1.000000,true,
C03,dataset_coded_sex,Dataset-coded Sex,Female,Male,equalized_odds,Equalized Odds,0.16,70.0000,0.0000,55,145,35,105,20,40,35,20,0,0,105,40,0,0,1.000000,1.000000,1.000000,1.000000,1.000000,1.000000,true,
C03,dataset_coded_sex,Dataset-coded Sex,Female,Male,equalized_odds,Equalized Odds,0.17,70.0000,0.0000,55,145,35,105,20,40,35,20,0,0,105,40,0,0,1.000000,1.000000,1.000000,1.000000,1.000000,1.000000,true,
C03,dataset_coded_sex,Dataset-coded Sex,Female,Male,equalized_odds,Equalized Odds,0.18,70.0000,0.0000,55,145,35,105,20,40,35,20,0,0,105,40,0,0,1.000000,1.000000,1.000000,1.000000,1.000000,1.000000,true,
C03,dataset_coded_sex,Dataset-coded Sex,Female,Male,equalized_odds,Equalized Odds,0.19,70.0000,0.0000,55,145,35,105,20,40,35,20,0,0,105,40,0,0,1.000000,1.000000,1.000000,1.000000,1.000000,1.000000,true,
C03,dataset_coded_sex,Dataset-coded Sex,Female,Male,equalized_odds,Equalized Odds,0.20,70.0000,0.0000,55,145,35,105,20,40,35,20,0,0,105,40,0,0,1.000000,1.000000,1.000000,1.000000,1.000000,1.000000,true,
C03,dataset_coded_sex,Dataset-coded Sex,Female,Male,equalized_odds,Equalized Odds,0.21,70.0000,0.0000,55,145,35,105,20,40,35,20,0,0,105,40,0,0,1.000000,1.000000,1.000000,1.000000,1.000000,1.000000,true,
C03,dataset_coded_sex,Dataset-coded Sex,Female,Male,equalized_odds,Equalized Odds,0.22,70.0000,0.0000,55,145,35,105,20,40,35,20,0,0,105,40,0,0,1.000000,1.000000,1.000000,1.000000,1.000000,1.000000,true,
C03,dataset_coded_sex,Dataset-coded Sex,Female,Male,equalized_odds,Equalized Odds,0.23,70.0000,0.0000,55,145,35,105,20,40,35,20,0,0,105,40,0,0,1.000000,1.000000,1.000000,1.000000,1.000000,1.000000,true,
C03,dataset_coded_sex,Dataset-coded Sex,Female,Male,equalized_odds,Equalized Odds,0.24,70.0000,0.0000,55,145,35,105,20,40,35,20,0,0,105,40,0,0,1.000000,1.000000,1.000000,1.000000,1.000000,1.000000,true,
C03,dataset_coded_sex,Dataset-coded Sex,Female,Male,equalized_odds,Equalized Odds,0.25,70.0000,0.0000,55,145,35,105,20,40,35,20,0,0,105,40,0,0,1.000000,1.000000,1.000000,1.000000,1.000000,1.000000,true,
C03,dataset_coded_sex,Dataset-coded Sex,Female,Male,equalized_odds,Equalized Odds,0.26,70.0000,0.0000,55,145,35,105,20,40,35,20,0,0,105,40,0,0,1.000000,1.000000,1.000000,1.000000,1.000000,1.000000,true,
C03,dataset_coded_sex,Dataset-coded Sex,Female,Male,equalized_odds,Equalized Odds,0.27,70.0000,0.0000,55,145,35,105,20,40,35,20,0,0,105,40,0,0,1.000000,1.000000,1.000000,1.000000,1.000000,1.000000,true,
C03,dataset_coded_sex,Dataset-coded Sex,Female,Male,equalized_odds,Equalized Odds,0.28,70.0000,0.0000,55,145,35,105,20,40,35,20,0,0,105,40,0,0,1.000000,1.000000,1.000000,1.000000,1.000000,1.000000,true,
C03,dataset_coded_sex,Dataset-coded Sex,Female,Male,equalized_odds,Equalized Odds,0.29,70.0000,0.0000,55,145,35,105,20,40,35,20,0,0,105,40,0,0,1.000000,1.000000,1.000000,1.000000,1.000000,1.000000,true,
C03,dataset_coded_sex,Dataset-coded Sex,Female,Male,equalized_odds,Equalized Odds,0.30,70.0000,0.0000,55,145,35,105,20,40,35,20,0,0,105,40,0,0,1.000000,1.000000,1.000000,1.000000,1.000000,1.000000,true,
C03,dataset_coded_sex,Dataset-coded Sex,Female,Male,equalized_odds,Equalized Odds,0.31,70.5000,2.5000,55,145,35,105,20,40,35,20,0,0,105,39,1,0,1.000000,0.993103,1.000000,1.000000,1.000000,0.975000,true,
C03,dataset_coded_sex,Dataset-coded Sex,Female,Male,equalized_odds,Equalized Odds,0.32,70.5000,2.5000,55,145,35,105,20,40,35,20,0,0,105,39,1,0,1.000000,0.993103,1.000000,1.000000,1.000000,0.975000,true,
C03,dataset_coded_sex,Dataset-coded Sex,Female,Male,equalized_odds,Equalized Odds,0.33,71.0000,2.5000,55,145,35,105,20,40,35,19,1,0,105,39,1,0,0.981818,0.993103,1.000000,1.000000,0.950000,0.975000,true,
C03,dataset_coded_sex,Dataset-coded Sex,Female,Male,equalized_odds,Equalized Odds,0.34,71.0000,2.5000,55,145,35,105,20,40,35,19,1,0,105,39,1,0,0.981818,0.993103,1.000000,1.000000,0.950000,0.975000,true,
C03,dataset_coded_sex,Dataset-coded Sex,Female,Male,equalized_odds,Equalized Odds,0.35,71.0000,2.5000,55,145,35,105,20,40,35,19,1,0,105,39,1,0,0.981818,0.993103,1.000000,1.000000,0.950000,0.975000,true,
C03,dataset_coded_sex,Dataset-coded Sex,Female,Male,equalized_odds,Equalized Odds,0.36,71.5000,0.0000,55,145,35,105,20,40,35,19,1,0,105,38,2,0,0.981818,0.986207,1.000000,1.000000,0.950000,0.950000,true,
C03,dataset_coded_sex,Dataset-coded Sex,Female,Male,equalized_odds,Equalized Odds,0.37,72.0000,2.5000,55,145,35,105,20,40,35,19,1,0,105,37,3,0,0.981818,0.979310,1.000000,1.000000,0.950000,0.925000,true,
C03,dataset_coded_sex,Dataset-coded Sex,Female,Male,equalized_odds,Equalized Odds,0.38,72.5000,5.0000,55,145,35,105,20,40,35,19,1,0,105,36,4,0,0.981818,0.972414,1.000000,1.000000,0.950000,0.900000,true,
C03,dataset_coded_sex,Dataset-coded Sex,Female,Male,equalized_odds,Equalized Odds,0.39,72.5000,5.0000,55,145,35,105,20,40,35,19,1,0,105,36,4,0,0.981818,0.972414,1.000000,1.000000,0.950000,0.900000,true,
C03,dataset_coded_sex,Dataset-coded Sex,Female,Male,equalized_odds,Equalized Odds,0.40,72.5000,5.0000,55,145,35,105,20,40,35,19,1,0,105,36,4,0,0.981818,0.972414,1.000000,1.000000,0.950000,0.900000,true,
C03,dataset_coded_sex,Dataset-coded Sex,Female,Male,equalized_odds,Equalized Odds,0.41,74.0000,5.0000,55,145,35,105,20,40,35,18,2,0,105,34,6,0,0.963636,0.958621,1.000000,1.000000,0.900000,0.850000,true,
C03,dataset_coded_sex,Dataset-coded Sex,Female,Male,equalized_odds,Equalized Odds,0.42,74.0000,5.0000,55,145,35,105,20,40,35,18,2,0,105,34,6,0,0.963636,0.958621,1.000000,1.000000,0.900000,0.850000,true,
C03,dataset_coded_sex,Dataset-coded Sex,Female,Male,equalized_odds,Equalized Odds,0.43,76.0000,0.0000,55,145,35,105,20,40,35,16,4,0,105,32,8,0,0.927273,0.944828,1.000000,1.000000,0.800000,0.800000,true,
C03,dataset_coded_sex,Dataset-coded Sex,Female,Male,equalized_odds,Equalized Odds,0.44,76.0000,5.0000,55,145,35,105,20,40,35,15,5,0,104,32,8,1,0.909091,0.937931,1.000000,0.990476,0.750000,0.800000,true,
C03,dataset_coded_sex,Dataset-coded Sex,Female,Male,equalized_odds,Equalized Odds,0.45,76.5000,2.5000,55,145,35,105,20,40,35,15,5,0,104,31,9,1,0.909091,0.931034,1.000000,0.990476,0.750000,0.775000,true,
C03,dataset_coded_sex,Dataset-coded Sex,Female,Male,equalized_odds,Equalized Odds,0.46,76.0000,2.8571,55,145,35,105,20,40,35,15,5,0,102,30,10,3,0.909091,0.910345,1.000000,0.971429,0.750000,0.750000,true,
C03,dataset_coded_sex,Dataset-coded Sex,Female,Male,equalized_odds,Equalized Odds,0.47,75.5000,3.8095,55,145,35,105,20,40,35,15,5,0,101,30,10,4,0.909091,0.903448,1.000000,0.961905,0.750000,0.750000,true,
C03,dataset_coded_sex,Dataset-coded Sex,Female,Male,equalized_odds,Equalized Odds,0.48,75.0000,5.7143,55,145,35,105,20,40,35,15,5,0,99,29,11,6,0.909091,0.882759,1.000000,0.942857,0.750000,0.725000,true,
C03,dataset_coded_sex,Dataset-coded Sex,Female,Male,equalized_odds,Equalized Odds,0.49,76.5000,5.7143,55,145,35,105,20,40,35,14,6,0,99,27,13,6,0.890909,0.868966,1.000000,0.942857,0.700000,0.675000,true,
C03,dataset_coded_sex,Dataset-coded Sex,Female,Male,equalized_odds,Equalized Odds,0.50,77.0000,6.6667,55,145,35,105,20,40,35,13,7,0,98,26,14,7,0.872727,0.855172,1.000000,0.933333,0.650000,0.650000,true,
C03,dataset_coded_sex,Dataset-coded Sex,Female,Male,equalized_odds,Equalized Odds,0.51,76.0000,0.9524,55,145,35,105,20,40,33,13,7,2,98,26,14,7,0.836364,0.855172,0.942857,0.933333,0.650000,0.650000,true,
C03,dataset_coded_sex,Dataset-coded Sex,Female,Male,equalized_odds,Equalized Odds,0.52,76.5000,5.0000,55,145,35,105,20,40,32,13,7,3,98,24,16,7,0.818182,0.841379,0.914286,0.933333,0.650000,0.600000,true,
C03,dataset_coded_sex,Dataset-coded Sex,Female,Male,equalized_odds,Equalized Odds,0.53,77.5000,2.5000,55,145,35,105,20,40,32,11,9,3,97,23,17,8,0.781818,0.827586,0.914286,0.923810,0.550000,0.575000,true,
C03,dataset_coded_sex,Dataset-coded Sex,Female,Male,equalized_odds,Equalized Odds,0.54,77.5000,0.0000,55,145,35,105,20,40,32,11,9,3,96,22,18,9,0.781818,0.813793,0.914286,0.914286,0.550000,0.550000,true,
C03,dataset_coded_sex,Dataset-coded Sex,Female,Male,equalized_odds,Equalized Odds,0.55,79.5000,5.0000,55,145,35,105,20,40,32,9,11,3,96,20,20,9,0.745455,0.800000,0.914286,0.914286,0.450000,0.500000,true,
C03,dataset_coded_sex,Dataset-coded Sex,Female,Male,equalized_odds,Equalized Odds,0.56,78.0000,5.0000,55,145,35,105,20,40,31,9,11,4,94,20,20,11,0.727273,0.786207,0.885714,0.895238,0.450000,0.500000,true,
C03,dataset_coded_sex,Dataset-coded Sex,Female,Male,equalized_odds,Equalized Odds,0.57,79.5000,12.5000,55,145,35,105,20,40,31,7,13,4,94,19,21,11,0.690909,0.779310,0.885714,0.895238,0.350000,0.475000,true,
C03,dataset_coded_sex,Dataset-coded Sex,Female,Male,equalized_odds,Equalized Odds,0.58,79.5000,10.0000,55,145,35,105,20,40,30,7,13,5,94,18,22,11,0.672727,0.772414,0.857143,0.895238,0.350000,0.450000,true,
C03,dataset_coded_sex,Dataset-coded Sex,Female,Male,equalized_odds,Equalized Odds,0.59,79.5000,10.0000,55,145,35,105,20,40,30,7,13,5,94,18,22,11,0.672727,0.772414,0.857143,0.895238,0.350000,0.450000,true,
C03,dataset_coded_sex,Dataset-coded Sex,Female,Male,equalized_odds,Equalized Odds,0.60,79.0000,10.0000,55,145,35,105,20,40,30,7,13,5,93,18,22,12,0.672727,0.765517,0.857143,0.885714,0.350000,0.450000,true,
C03,dataset_coded_sex,Dataset-coded Sex,Female,Male,equalized_odds,Equalized Odds,0.61,80.0000,5.0000,55,145,35,105,20,40,30,7,13,5,93,16,24,12,0.672727,0.751724,0.857143,0.885714,0.350000,0.400000,true,
C03,dataset_coded_sex,Dataset-coded Sex,Female,Male,equalized_odds,Equalized Odds,0.62,80.0000,2.5000,55,145,35,105,20,40,30,7,13,5,92,15,25,13,0.672727,0.737931,0.857143,0.876190,0.350000,0.375000,true,
C03,dataset_coded_sex,Dataset-coded Sex,Female,Male,equalized_odds,Equalized Odds,0.63,79.5000,3.8095,55,145,35,105,20,40,29,7,13,6,91,14,26,14,0.654545,0.724138,0.828571,0.866667,0.350000,0.350000,true,
C03,dataset_coded_sex,Dataset-coded Sex,Female,Male,equalized_odds,Equalized Odds,0.64,80.0000,5.0000,55,145,35,105,20,40,29,6,14,6,91,14,26,14,0.636364,0.724138,0.828571,0.866667,0.300000,0.350000,true,
C03,dataset_coded_sex,Dataset-coded Sex,Female,Male,equalized_odds,Equalized Odds,0.65,79.5000,6.6667,55,145,35,105,20,40,28,6,14,7,91,14,26,14,0.618182,0.724138,0.800000,0.866667,0.300000,0.350000,true,
C03,dataset_coded_sex,Dataset-coded Sex,Female,Male,equalized_odds,Equalized Odds,0.66,77.0000,5.7143,55,145,35,105,20,40,27,6,14,8,87,14,26,18,0.600000,0.696552,0.771429,0.828571,0.300000,0.350000,true,
C03,dataset_coded_sex,Dataset-coded Sex,Female,Male,equalized_odds,Equalized Odds,0.67,77.0000,10.0000,55,145,35,105,20,40,27,5,15,8,86,14,26,19,0.581818,0.689655,0.771429,0.819048,0.250000,0.350000,true,
C03,dataset_coded_sex,Dataset-coded Sex,Female,Male,equalized_odds,Equalized Odds,0.68,76.0000,10.0000,55,145,35,105,20,40,27,5,15,8,84,14,26,21,0.581818,0.675862,0.771429,0.800000,0.250000,0.350000,true,
C03,dataset_coded_sex,Dataset-coded Sex,Female,Male,equalized_odds,Equalized Odds,0.69,75.0000,7.6190,55,145,35,105,20,40,25,5,15,10,83,13,27,22,0.545455,0.662069,0.714286,0.790476,0.250000,0.325000,true,
C03,dataset_coded_sex,Dataset-coded Sex,Female,Male,equalized_odds,Equalized Odds,0.70,74.5000,10.0000,55,145,35,105,20,40,25,4,16,10,80,12,28,25,0.527273,0.634483,0.714286,0.761905,0.200000,0.300000,true,
C03,dataset_coded_sex,Dataset-coded Sex,Female,Male,equalized_odds,Equalized Odds,0.71,73.5000,7.5000,55,145,35,105,20,40,25,4,16,10,77,11,29,28,0.527273,0.606897,0.714286,0.733333,0.200000,0.275000,true,
C03,dataset_coded_sex,Dataset-coded Sex,Female,Male,equalized_odds,Equalized Odds,0.72,72.0000,7.5000,55,145,35,105,20,40,24,4,16,11,75,11,29,30,0.509091,0.593103,0.685714,0.714286,0.200000,0.275000,true,
C03,dataset_coded_sex,Dataset-coded Sex,Female,Male,equalized_odds,Equalized Odds,0.73,71.5000,12.5000,55,145,35,105,20,40,23,3,17,12,74,11,29,31,0.472727,0.586207,0.657143,0.704762,0.150000,0.275000,true,
C03,dataset_coded_sex,Dataset-coded Sex,Female,Male,equalized_odds,Equalized Odds,0.74,70.5000,12.5000,55,145,35,105,20,40,23,3,17,12,72,11,29,33,0.472727,0.572414,0.657143,0.685714,0.150000,0.275000,true,
C03,dataset_coded_sex,Dataset-coded Sex,Female,Male,equalized_odds,Equalized Odds,0.75,67.5000,12.5000,55,145,35,105,20,40,21,3,17,14,68,11,29,37,0.436364,0.544828,0.600000,0.647619,0.150000,0.275000,true,
C03,dataset_coded_sex,Dataset-coded Sex,Female,Male,equalized_odds,Equalized Odds,0.76,66.5000,17.5000,55,145,35,105,20,40,19,2,18,16,67,11,29,38,0.381818,0.537931,0.542857,0.638095,0.100000,0.275000,true,
C03,dataset_coded_sex,Dataset-coded Sex,Female,Male,equalized_odds,Equalized Odds,0.77,63.5000,17.5000,55,145,35,105,20,40,17,2,18,18,63,11,29,42,0.345455,0.510345,0.485714,0.600000,0.100000,0.275000,true,
C03,dataset_coded_sex,Dataset-coded Sex,Female,Male,equalized_odds,Equalized Odds,0.78,60.5000,15.0000,55,145,35,105,20,40,16,2,18,19,57,10,30,48,0.327273,0.462069,0.457143,0.542857,0.100000,0.250000,true,
C03,dataset_coded_sex,Dataset-coded Sex,Female,Male,equalized_odds,Equalized Odds,0.79,59.5000,15.0000,55,145,35,105,20,40,15,2,18,20,56,10,30,49,0.309091,0.455172,0.428571,0.533333,0.100000,0.250000,true,
C03,dataset_coded_sex,Dataset-coded Sex,Female,Male,equalized_odds,Equalized Odds,0.80,59.5000,12.5000,55,145,35,105,20,40,15,2,18,20,55,9,31,50,0.309091,0.441379,0.428571,0.523810,0.100000,0.225000,true,
C03,dataset_coded_sex,Dataset-coded Sex,Female,Male,equalized_odds,Equalized Odds,0.81,56.0000,17.1429,55,145,35,105,20,40,11,2,18,24,51,8,32,54,0.236364,0.406897,0.314286,0.485714,0.100000,0.200000,true,
C03,dataset_coded_sex,Dataset-coded Sex,Female,Male,equalized_odds,Equalized Odds,0.82,55.0000,18.0952,55,145,35,105,20,40,10,2,18,25,49,7,33,56,0.218182,0.386207,0.285714,0.466667,0.100000,0.175000,true,
C03,dataset_coded_sex,Dataset-coded Sex,Female,Male,equalized_odds,Equalized Odds,0.83,53.0000,13.3333,55,145,35,105,20,40,10,2,18,25,44,6,34,61,0.218182,0.344828,0.285714,0.419048,0.100000,0.150000,true,
C03,dataset_coded_sex,Dataset-coded Sex,Female,Male,equalized_odds,Equalized Odds,0.84,49.5000,9.5238,55,145,35,105,20,40,9,2,18,26,37,5,35,68,0.200000,0.289655,0.257143,0.352381,0.100000,0.125000,true,
C03,dataset_coded_sex,Dataset-coded Sex,Female,Male,equalized_odds,Equalized Odds,0.85,47.0000,7.6190,55,145,35,105,20,40,8,1,19,27,32,5,35,73,0.163636,0.255172,0.228571,0.304762,0.050000,0.125000,true,
C03,dataset_coded_sex,Dataset-coded Sex,Female,Male,equalized_odds,Equalized Odds,0.86,45.5000,11.4286,55,145,35,105,20,40,6,1,19,29,30,4,36,75,0.127273,0.234483,0.171429,0.285714,0.050000,0.100000,true,
C03,dataset_coded_sex,Dataset-coded Sex,Female,Male,equalized_odds,Equalized Odds,0.87,44.5000,9.5238,55,145,35,105,20,40,6,1,19,29,28,4,36,77,0.127273,0.220690,0.171429,0.266667,0.050000,0.100000,true,
C03,dataset_coded_sex,Dataset-coded Sex,Female,Male,equalized_odds,Equalized Odds,0.88,44.0000,11.4286,55,145,35,105,20,40,5,1,19,30,27,3,37,78,0.109091,0.206897,0.142857,0.257143,0.050000,0.075000,true,
C03,dataset_coded_sex,Dataset-coded Sex,Female,Male,equalized_odds,Equalized Odds,0.89,41.5000,14.2857,55,145,35,105,20,40,3,1,19,32,24,3,37,81,0.072727,0.186207,0.085714,0.228571,0.050000,0.075000,true,
C03,dataset_coded_sex,Dataset-coded Sex,Female,Male,equalized_odds,Equalized Odds,0.90,39.0000,8.5714,55,145,35,105,20,40,3,1,19,32,18,2,38,87,0.072727,0.137931,0.085714,0.171429,0.050000,0.050000,true,
C03,dataset_coded_sex,Dataset-coded Sex,Female,Male,equalized_odds,Equalized Odds,0.91,36.5000,3.8095,55,145,35,105,20,40,3,1,19,32,13,2,38,92,0.072727,0.103448,0.085714,0.123810,0.050000,0.050000,true,
C03,dataset_coded_sex,Dataset-coded Sex,Female,Male,equalized_odds,Equalized Odds,0.92,33.5000,5.0000,55,145,35,105,20,40,1,1,19,34,7,0,40,98,0.036364,0.048276,0.028571,0.066667,0.050000,0.000000,true,
C03,dataset_coded_sex,Dataset-coded Sex,Female,Male,equalized_odds,Equalized Odds,0.93,32.0000,5.0000,55,145,35,105,20,40,1,1,19,34,4,0,40,101,0.036364,0.027586,0.028571,0.038095,0.050000,0.000000,true,
C03,dataset_coded_sex,Dataset-coded Sex,Female,Male,equalized_odds,Equalized Odds,0.94,31.0000,1.9048,55,145,35,105,20,40,0,0,20,35,2,0,40,103,0.000000,0.013793,0.000000,0.019048,0.000000,0.000000,true,
C03,dataset_coded_sex,Dataset-coded Sex,Female,Male,equalized_odds,Equalized Odds,0.95,30.5000,0.9524,55,145,35,105,20,40,0,0,20,35,1,0,40,104,0.000000,0.006897,0.000000,0.009524,0.000000,0.000000,true,
C04,age_25,Age,Age <= 25,Age > 25,demographic_parity,Demographic Parity,0.05,70.0000,0.0000,37,163,19,121,18,42,19,18,0,0,121,42,0,0,1.000000,1.000000,1.000000,1.000000,1.000000,1.000000,true,
C04,age_25,Age,Age <= 25,Age > 25,demographic_parity,Demographic Parity,0.06,70.0000,0.0000,37,163,19,121,18,42,19,18,0,0,121,42,0,0,1.000000,1.000000,1.000000,1.000000,1.000000,1.000000,true,
C04,age_25,Age,Age <= 25,Age > 25,demographic_parity,Demographic Parity,0.07,70.0000,0.0000,37,163,19,121,18,42,19,18,0,0,121,42,0,0,1.000000,1.000000,1.000000,1.000000,1.000000,1.000000,true,
C04,age_25,Age,Age <= 25,Age > 25,demographic_parity,Demographic Parity,0.08,70.0000,0.0000,37,163,19,121,18,42,19,18,0,0,121,42,0,0,1.000000,1.000000,1.000000,1.000000,1.000000,1.000000,true,
C04,age_25,Age,Age <= 25,Age > 25,demographic_parity,Demographic Parity,0.09,70.0000,0.0000,37,163,19,121,18,42,19,18,0,0,121,42,0,0,1.000000,1.000000,1.000000,1.000000,1.000000,1.000000,true,
C04,age_25,Age,Age <= 25,Age > 25,demographic_parity,Demographic Parity,0.10,70.0000,0.0000,37,163,19,121,18,42,19,18,0,0,121,42,0,0,1.000000,1.000000,1.000000,1.000000,1.000000,1.000000,true,
C04,age_25,Age,Age <= 25,Age > 25,demographic_parity,Demographic Parity,0.11,70.0000,0.0000,37,163,19,121,18,42,19,18,0,0,121,42,0,0,1.000000,1.000000,1.000000,1.000000,1.000000,1.000000,true,
C04,age_25,Age,Age <= 25,Age > 25,demographic_parity,Demographic Parity,0.12,70.0000,0.0000,37,163,19,121,18,42,19,18,0,0,121,42,0,0,1.000000,1.000000,1.000000,1.000000,1.000000,1.000000,true,
C04,age_25,Age,Age <= 25,Age > 25,demographic_parity,Demographic Parity,0.13,70.0000,0.0000,37,163,19,121,18,42,19,18,0,0,121,42,0,0,1.000000,1.000000,1.000000,1.000000,1.000000,1.000000,true,
C04,age_25,Age,Age <= 25,Age > 25,demographic_parity,Demographic Parity,0.14,70.0000,0.0000,37,163,19,121,18,42,19,18,0,0,121,42,0,0,1.000000,1.000000,1.000000,1.000000,1.000000,1.000000,true,
C04,age_25,Age,Age <= 25,Age > 25,demographic_parity,Demographic Parity,0.15,70.0000,0.0000,37,163,19,121,18,42,19,18,0,0,121,42,0,0,1.000000,1.000000,1.000000,1.000000,1.000000,1.000000,true,
C04,age_25,Age,Age <= 25,Age > 25,demographic_parity,Demographic Parity,0.16,70.0000,0.0000,37,163,19,121,18,42,19,18,0,0,121,42,0,0,1.000000,1.000000,1.000000,1.000000,1.000000,1.000000,true,
C04,age_25,Age,Age <= 25,Age > 25,demographic_parity,Demographic Parity,0.17,70.0000,0.0000,37,163,19,121,18,42,19,18,0,0,121,42,0,0,1.000000,1.000000,1.000000,1.000000,1.000000,1.000000,true,
C04,age_25,Age,Age <= 25,Age > 25,demographic_parity,Demographic Parity,0.18,70.0000,0.0000,37,163,19,121,18,42,19,18,0,0,121,42,0,0,1.000000,1.000000,1.000000,1.000000,1.000000,1.000000,true,
C04,age_25,Age,Age <= 25,Age > 25,demographic_parity,Demographic Parity,0.19,70.0000,0.0000,37,163,19,121,18,42,19,18,0,0,121,42,0,0,1.000000,1.000000,1.000000,1.000000,1.000000,1.000000,true,
C04,age_25,Age,Age <= 25,Age > 25,demographic_parity,Demographic Parity,0.20,70.0000,0.0000,37,163,19,121,18,42,19,18,0,0,121,42,0,0,1.000000,1.000000,1.000000,1.000000,1.000000,1.000000,true,
C04,age_25,Age,Age <= 25,Age > 25,demographic_parity,Demographic Parity,0.21,70.0000,0.0000,37,163,19,121,18,42,19,18,0,0,121,42,0,0,1.000000,1.000000,1.000000,1.000000,1.000000,1.000000,true,
C04,age_25,Age,Age <= 25,Age > 25,demographic_parity,Demographic Parity,0.22,70.0000,0.0000,37,163,19,121,18,42,19,18,0,0,121,42,0,0,1.000000,1.000000,1.000000,1.000000,1.000000,1.000000,true,
C04,age_25,Age,Age <= 25,Age > 25,demographic_parity,Demographic Parity,0.23,70.0000,0.0000,37,163,19,121,18,42,19,18,0,0,121,42,0,0,1.000000,1.000000,1.000000,1.000000,1.000000,1.000000,true,
C04,age_25,Age,Age <= 25,Age > 25,demographic_parity,Demographic Parity,0.24,70.0000,0.0000,37,163,19,121,18,42,19,18,0,0,121,42,0,0,1.000000,1.000000,1.000000,1.000000,1.000000,1.000000,true,
C04,age_25,Age,Age <= 25,Age > 25,demographic_parity,Demographic Parity,0.25,70.0000,0.0000,37,163,19,121,18,42,19,18,0,0,121,42,0,0,1.000000,1.000000,1.000000,1.000000,1.000000,1.000000,true,
C04,age_25,Age,Age <= 25,Age > 25,demographic_parity,Demographic Parity,0.26,70.0000,0.0000,37,163,19,121,18,42,19,18,0,0,121,42,0,0,1.000000,1.000000,1.000000,1.000000,1.000000,1.000000,true,
C04,age_25,Age,Age <= 25,Age > 25,demographic_parity,Demographic Parity,0.27,70.0000,0.0000,37,163,19,121,18,42,19,18,0,0,121,42,0,0,1.000000,1.000000,1.000000,1.000000,1.000000,1.000000,true,
C04,age_25,Age,Age <= 25,Age > 25,demographic_parity,Demographic Parity,0.28,70.0000,0.0000,37,163,19,121,18,42,19,18,0,0,121,42,0,0,1.000000,1.000000,1.000000,1.000000,1.000000,1.000000,true,
C04,age_25,Age,Age <= 25,Age > 25,demographic_parity,Demographic Parity,0.29,70.0000,0.0000,37,163,19,121,18,42,19,18,0,0,121,42,0,0,1.000000,1.000000,1.000000,1.000000,1.000000,1.000000,true,
C04,age_25,Age,Age <= 25,Age > 25,demographic_parity,Demographic Parity,0.30,70.0000,0.0000,37,163,19,121,18,42,19,18,0,0,121,42,0,0,1.000000,1.000000,1.000000,1.000000,1.000000,1.000000,true,
C04,age_25,Age,Age <= 25,Age > 25,demographic_parity,Demographic Parity,0.31,70.5000,2.7027,37,163,19,121,18,42,19,17,1,0,121,42,0,0,0.972973,1.000000,1.000000,1.000000,0.944444,1.000000,true,
C04,age_25,Age,Age <= 25,Age > 25,demographic_parity,Demographic Parity,0.32,70.5000,2.7027,37,163,19,121,18,42,19,17,1,0,121,42,0,0,0.972973,1.000000,1.000000,1.000000,0.944444,1.000000,true,
C04,age_25,Age,Age <= 25,Age > 25,demographic_parity,Demographic Parity,0.33,71.0000,2.0892,37,163,19,121,18,42,19,17,1,0,121,41,1,0,0.972973,0.993865,1.000000,1.000000,0.944444,0.976190,true,
C04,age_25,Age,Age <= 25,Age > 25,demographic_parity,Demographic Parity,0.34,71.0000,2.0892,37,163,19,121,18,42,19,17,1,0,121,41,1,0,0.972973,0.993865,1.000000,1.000000,0.944444,0.976190,true,
C04,age_25,Age,Age <= 25,Age > 25,demographic_parity,Demographic Parity,0.35,71.0000,2.0892,37,163,19,121,18,42,19,17,1,0,121,41,1,0,0.972973,0.993865,1.000000,1.000000,0.944444,0.976190,true,
C04,age_25,Age,Age <= 25,Age > 25,demographic_parity,Demographic Parity,0.36,71.5000,1.4757,37,163,19,121,18,42,19,17,1,0,121,40,2,0,0.972973,0.987730,1.000000,1.000000,0.944444,0.952381,true,
C04,age_25,Age,Age <= 25,Age > 25,demographic_parity,Demographic Parity,0.37,72.0000,0.8622,37,163,19,121,18,42,19,17,1,0,121,39,3,0,0.972973,0.981595,1.000000,1.000000,0.944444,0.928571,true,
C04,age_25,Age,Age <= 25,Age > 25,demographic_parity,Demographic Parity,0.38,72.5000,0.2487,37,163,19,121,18,42,19,17,1,0,121,38,4,0,0.972973,0.975460,1.000000,1.000000,0.944444,0.904762,true,
C04,age_25,Age,Age <= 25,Age > 25,demographic_parity,Demographic Parity,0.39,72.5000,0.2487,37,163,19,121,18,42,19,17,1,0,121,38,4,0,0.972973,0.975460,1.000000,1.000000,0.944444,0.904762,true,
C04,age_25,Age,Age <= 25,Age > 25,demographic_parity,Demographic Parity,0.40,72.5000,0.2487,37,163,19,121,18,42,19,17,1,0,121,38,4,0,0.972973,0.975460,1.000000,1.000000,0.944444,0.904762,true,
C04,age_25,Age,Age <= 25,Age > 25,demographic_parity,Demographic Parity,0.41,74.0000,1.7244,37,163,19,121,18,42,19,16,2,0,121,36,6,0,0.945946,0.963190,1.000000,1.000000,0.888889,0.857143,true,
C04,age_25,Age,Age <= 25,Age > 25,demographic_parity,Demographic Parity,0.42,74.0000,1.7244,37,163,19,121,18,42,19,16,2,0,121,36,6,0,0.945946,0.963190,1.000000,1.000000,0.888889,0.857143,true,
C04,age_25,Age,Age <= 25,Age > 25,demographic_parity,Demographic Parity,0.43,76.0000,5.9028,37,163,19,121,18,42,19,14,4,0,121,34,8,0,0.891892,0.950920,1.000000,1.000000,0.777778,0.809524,true,
C04,age_25,Age,Age <= 25,Age > 25,demographic_parity,Demographic Parity,0.44,76.0000,7.9920,37,163,19,121,18,42,19,13,5,0,120,34,8,1,0.864865,0.944785,1.000000,0.991736,0.722222,0.809524,true,
C04,age_25,Age,Age <= 25,Age > 25,demographic_parity,Demographic Parity,0.45,76.5000,7.3785,37,163,19,121,18,42,19,13,5,0,120,33,9,1,0.864865,0.938650,1.000000,0.991736,0.722222,0.785714,true,
C04,age_25,Age,Age <= 25,Age > 25,demographic_parity,Demographic Parity,0.46,76.0000,5.5381,37,163,19,121,18,42,19,13,5,0,118,32,10,3,0.864865,0.920245,1.000000,0.975207,0.722222,0.761905,true,
C04,age_25,Age,Age <= 25,Age > 25,demographic_parity,Demographic Parity,0.47,75.5000,4.9246,37,163,19,121,18,42,19,13,5,0,117,32,10,4,0.864865,0.914110,1.000000,0.966942,0.722222,0.761905,true,
C04,age_25,Age,Age <= 25,Age > 25,demographic_parity,Demographic Parity,0.48,75.0000,6.4003,37,163,19,121,18,42,18,13,5,1,116,31,11,5,0.837838,0.901840,0.947368,0.958678,0.722222,0.738095,true,
C04,age_25,Age,Age <= 25,Age > 25,demographic_parity,Demographic Parity,0.49,76.5000,11.1922,37,163,19,121,18,42,18,11,7,1,116,30,12,5,0.783784,0.895706,0.947368,0.958678,0.611111,0.714286,true,
C04,age_25,Age,Age <= 25,Age > 25,demographic_parity,Demographic Parity,0.50,77.0000,9.3517,37,163,19,121,18,42,18,11,7,1,115,28,14,6,0.783784,0.877301,0.947368,0.950413,0.611111,0.666667,true,
C04,age_25,Age,Age <= 25,Age > 25,demographic_parity,Demographic Parity,0.51,76.0000,11.4409,37,163,19,121,18,42,17,11,7,2,114,28,14,7,0.756757,0.871166,0.894737,0.942149,0.611111,0.666667,true,
C04,age_25,Age,Age <= 25,Age > 25,demographic_parity,Demographic Parity,0.52,76.5000,9.6004,37,163,19,121,18,42,17,11,7,2,113,26,16,8,0.756757,0.852761,0.894737,0.933884,0.611111,0.619048,true,
C04,age_25,Age,Age <= 25,Age > 25,demographic_parity,Demographic Parity,0.53,77.5000,10.4626,37,163,19,121,18,42,17,10,8,2,112,24,18,9,0.729730,0.834356,0.894737,0.925620,0.555556,0.571429,true,
C04,age_25,Age,Age <= 25,Age > 25,demographic_parity,Demographic Parity,0.54,77.5000,9.2356,37,163,19,121,18,42,17,10,8,2,111,23,19,10,0.729730,0.822086,0.894737,0.917355,0.555556,0.547619,true,
C04,age_25,Age,Age <= 25,Age > 25,demographic_parity,Demographic Parity,0.55,79.5000,16.7302,37,163,19,121,18,42,17,7,11,2,111,22,20,10,0.648649,0.815951,0.894737,0.917355,0.388889,0.523810,true,
C04,age_25,Age,Age <= 25,Age > 25,demographic_parity,Demographic Parity,0.56,78.0000,14.8897,37,163,19,121,18,42,17,7,11,2,108,22,20,13,0.648649,0.797546,0.894737,0.892562,0.388889,0.523810,true,
C04,age_25,Age,Age <= 25,Age > 25,demographic_parity,Demographic Parity,0.57,79.5000,19.6816,37,163,19,121,18,42,17,5,13,2,108,21,21,13,0.594595,0.791411,0.894737,0.892562,0.277778,0.500000,true,
C04,age_25,Age,Age <= 25,Age > 25,demographic_parity,Demographic Parity,0.58,79.5000,21.7709,37,163,19,121,18,42,16,5,13,3,108,20,22,13,0.567568,0.785276,0.842105,0.892562,0.277778,0.476190,true,
C04,age_25,Age,Age <= 25,Age > 25,demographic_parity,Demographic Parity,0.59,79.5000,21.7709,37,163,19,121,18,42,16,5,13,3,108,20,22,13,0.567568,0.785276,0.842105,0.892562,0.277778,0.476190,true,
C04,age_25,Age,Age <= 25,Age > 25,demographic_parity,Demographic Parity,0.60,79.0000,21.1574,37,163,19,121,18,42,16,5,13,3,107,20,22,14,0.567568,0.779141,0.842105,0.884298,0.277778,0.476190,true,
C04,age_25,Age,Age <= 25,Age > 25,demographic_parity,Demographic Parity,0.61,80.0000,23.2466,37,163,19,121,18,42,16,4,14,3,107,19,23,14,0.540541,0.773006,0.842105,0.884298,0.222222,0.452381,true,
C04,age_25,Age,Age <= 25,Age > 25,demographic_parity,Demographic Parity,0.62,80.0000,25.3358,37,163,19,121,18,42,15,4,14,4,107,18,24,14,0.513514,0.766871,0.789474,0.884298,0.222222,0.428571,true,
C04,age_25,Age,Age <= 25,Age > 25,demographic_parity,Demographic Parity,0.63,79.5000,23.4953,37,163,19,121,18,42,15,4,14,4,105,17,25,16,0.513514,0.748466,0.789474,0.867769,0.222222,0.404762,true,
C04,age_25,Age,Age <= 25,Age > 25,demographic_parity,Demographic Parity,0.64,80.0000,26.1980,37,163,19,121,18,42,15,3,15,4,105,17,25,16,0.486486,0.748466,0.789474,0.867769,0.166667,0.404762,true,
C04,age_25,Age,Age <= 25,Age > 25,demographic_parity,Demographic Parity,0.65,79.5000,25.5845,37,163,19,121,18,42,15,3,15,4,104,17,25,17,0.486486,0.742331,0.789474,0.859504,0.166667,0.404762,true,
C04,age_25,Age,Age <= 25,Age > 25,demographic_parity,Demographic Parity,0.66,77.0000,25.8332,37,163,19,121,18,42,14,3,15,5,100,17,25,21,0.459459,0.717791,0.736842,0.826446,0.166667,0.404762,true,
C04,age_25,Age,Age <= 25,Age > 25,demographic_parity,Demographic Parity,0.67,77.0000,24.6062,37,163,19,121,18,42,14,3,15,5,99,16,26,22,0.459459,0.705521,0.736842,0.818182,0.166667,0.380952,true,
C04,age_25,Age,Age <= 25,Age > 25,demographic_parity,Demographic Parity,0.68,76.0000,23.3792,37,163,19,121,18,42,14,3,15,5,97,16,26,24,0.459459,0.693252,0.736842,0.801653,0.166667,0.380952,true,
C04,age_25,Age,Age <= 25,Age > 25,demographic_parity,Demographic Parity,0.69,75.0000,27.5576,37,163,19,121,18,42,13,2,16,6,95,16,26,26,0.405405,0.680982,0.684211,0.785124,0.111111,0.380952,true,
C04,age_25,Age,Age <= 25,Age > 25,demographic_parity,Demographic Parity,0.70,74.5000,24.4901,37,163,19,121,18,42,13,2,16,6,92,14,28,29,0.405405,0.650307,0.684211,0.760331,0.111111,0.333333,true,
C04,age_25,Age,Age <= 25,Age > 25,demographic_parity,Demographic Parity,0.71,73.5000,22.0361,37,163,19,121,18,42,13,2,16,6,89,13,29,32,0.405405,0.625767,0.684211,0.735537,0.111111,0.309524,true,
C04,age_25,Age,Age <= 25,Age > 25,demographic_parity,Demographic Parity,0.72,72.0000,23.5119,37,163,19,121,18,42,12,2,16,7,87,13,29,34,0.378378,0.613497,0.631579,0.719008,0.111111,0.309524,true,
C04,age_25,Age,Age <= 25,Age > 25,demographic_parity,Demographic Parity,0.73,71.5000,28.3038,37,163,19,121,18,42,11,1,17,8,86,13,29,35,0.324324,0.607362,0.578947,0.710744,0.055556,0.309524,true,
C04,age_25,Age,Age <= 25,Age > 25,demographic_parity,Demographic Parity,0.74,70.5000,30.3930,37,163,19,121,18,42,10,1,17,9,85,13,29,36,0.297297,0.601227,0.526316,0.702479,0.055556,0.309524,true,
C04,age_25,Age,Age <= 25,Age > 25,demographic_parity,Demographic Parity,0.75,67.5000,33.3444,37,163,19,121,18,42,8,1,17,11,81,13,29,40,0.243243,0.576687,0.421053,0.669421,0.055556,0.309524,true,
C04,age_25,Age,Age <= 25,Age > 25,demographic_parity,Demographic Parity,0.76,66.5000,34.2066,37,163,19,121,18,42,7,1,17,12,79,12,30,42,0.216216,0.558282,0.368421,0.652893,0.055556,0.285714,true,
C04,age_25,Age,Age <= 25,Age > 25,demographic_parity,Demographic Parity,0.77,63.5000,33.8418,37,163,19,121,18,42,6,1,17,13,74,12,30,47,0.189189,0.527607,0.315789,0.611570,0.055556,0.285714,true,
C04,age_25,Age,Age <= 25,Age > 25,demographic_parity,Demographic Parity,0.78,60.5000,28.9338,37,163,19,121,18,42,6,1,17,13,67,11,31,54,0.189189,0.478528,0.315789,0.553719,0.055556,0.261905,true,
C04,age_25,Age,Age <= 25,Age > 25,demographic_parity,Demographic Parity,0.79,59.5000,27.7068,37,163,19,121,18,42,6,1,17,13,65,11,31,56,0.189189,0.466258,0.315789,0.537190,0.055556,0.261905,true,
C04,age_25,Age,Age <= 25,Age > 25,demographic_parity,Demographic Parity,0.80,59.5000,26.4799,37,163,19,121,18,42,6,1,17,13,64,10,32,57,0.189189,0.453988,0.315789,0.528926,0.055556,0.238095,true,
C04,age_25,Age,Age <= 25,Age > 25,demographic_parity,Demographic Parity,0.81,56.0000,27.5908,37,163,19,121,18,42,4,1,17,15,58,9,33,63,0.135135,0.411043,0.210526,0.479339,0.055556,0.214286,true,
C04,age_25,Age,Age <= 25,Age > 25,demographic_parity,Demographic Parity,0.82,55.0000,31.7692,37,163,19,121,18,42,3,0,18,16,56,9,33,65,0.081081,0.398773,0.157895,0.462810,0.000000,0.214286,true,
C04,age_25,Age,Age <= 25,Age > 25,demographic_parity,Demographic Parity,0.83,53.0000,28.0882,37,163,19,121,18,42,3,0,18,16,51,8,34,70,0.081081,0.361963,0.157895,0.421488,0.000000,0.190476,true,
C04,age_25,Age,Age <= 25,Age > 25,demographic_parity,Demographic Parity,0.84,49.5000,22.5667,37,163,19,121,18,42,3,0,18,16,43,7,35,78,0.081081,0.306748,0.157895,0.355372,0.000000,0.166667,true,
C04,age_25,Age,Age <= 25,Age > 25,demographic_parity,Demographic Parity,0.85,47.0000,18.2723,37,163,19,121,18,42,3,0,18,16,37,6,36,84,0.081081,0.263804,0.157895,0.305785,0.000000,0.142857,true,
C04,age_25,Age,Age <= 25,Age > 25,demographic_parity,Demographic Parity,0.86,45.5000,15.2048,37,163,19,121,18,42,3,0,18,16,33,5,37,88,0.081081,0.233129,0.157895,0.272727,0.000000,0.119048,true,
C04,age_25,Age,Age <= 25,Age > 25,demographic_parity,Demographic Parity,0.87,44.5000,13.9778,37,163,19,121,18,42,3,0,18,16,31,5,37,90,0.081081,0.220859,0.157895,0.256198,0.000000,0.119048,true,
C04,age_25,Age,Age <= 25,Age > 25,demographic_parity,Demographic Parity,0.88,44.0000,12.1373,37,163,19,121,18,42,3,0,18,16,29,4,38,92,0.081081,0.202454,0.157895,0.239669,0.000000,0.095238,true,
C04,age_25,Age,Age <= 25,Age > 25,demographic_parity,Demographic Parity,0.89,41.5000,12.3860,37,163,19,121,18,42,2,0,18,17,25,4,38,96,0.054054,0.177914,0.105263,0.206612,0.000000,0.095238,true,
C04,age_25,Age,Age <= 25,Age > 25,demographic_parity,Demographic Parity,0.90,39.0000,8.0915,37,163,19,121,18,42,2,0,18,17,19,3,39,102,0.054054,0.134969,0.105263,0.157025,0.000000,0.071429,true,
C04,age_25,Age,Age <= 25,Age > 25,demographic_parity,Demographic Parity,0.91,36.5000,8.3402,37,163,19,121,18,42,1,0,18,18,15,3,39,106,0.027027,0.110429,0.052632,0.123967,0.000000,0.071429,true,
C04,age_25,Age,Age <= 25,Age > 25,demographic_parity,Demographic Parity,0.92,33.5000,5.5215,37,163,19,121,18,42,0,0,18,19,8,1,41,113,0.000000,0.055215,0.000000,0.066116,0.000000,0.023810,true,
C04,age_25,Age,Age <= 25,Age > 25,demographic_parity,Demographic Parity,0.93,32.0000,3.6810,37,163,19,121,18,42,0,0,18,19,5,1,41,116,0.000000,0.036810,0.000000,0.041322,0.000000,0.023810,true,
C04,age_25,Age,Age <= 25,Age > 25,demographic_parity,Demographic Parity,0.94,31.0000,1.2270,37,163,19,121,18,42,0,0,18,19,2,0,42,119,0.000000,0.012270,0.000000,0.016529,0.000000,0.000000,true,
C04,age_25,Age,Age <= 25,Age > 25,demographic_parity,Demographic Parity,0.95,30.5000,0.6135,37,163,19,121,18,42,0,0,18,19,1,0,42,120,0.000000,0.006135,0.000000,0.008264,0.000000,0.000000,true,
C05,age_25,Age,Age <= 25,Age > 25,equal_opportunity,Equal Opportunity,0.05,70.0000,0.0000,37,163,19,121,18,42,19,18,0,0,121,42,0,0,1.000000,1.000000,1.000000,1.000000,1.000000,1.000000,true,
C05,age_25,Age,Age <= 25,Age > 25,equal_opportunity,Equal Opportunity,0.06,70.0000,0.0000,37,163,19,121,18,42,19,18,0,0,121,42,0,0,1.000000,1.000000,1.000000,1.000000,1.000000,1.000000,true,
C05,age_25,Age,Age <= 25,Age > 25,equal_opportunity,Equal Opportunity,0.07,70.0000,0.0000,37,163,19,121,18,42,19,18,0,0,121,42,0,0,1.000000,1.000000,1.000000,1.000000,1.000000,1.000000,true,
C05,age_25,Age,Age <= 25,Age > 25,equal_opportunity,Equal Opportunity,0.08,70.0000,0.0000,37,163,19,121,18,42,19,18,0,0,121,42,0,0,1.000000,1.000000,1.000000,1.000000,1.000000,1.000000,true,
C05,age_25,Age,Age <= 25,Age > 25,equal_opportunity,Equal Opportunity,0.09,70.0000,0.0000,37,163,19,121,18,42,19,18,0,0,121,42,0,0,1.000000,1.000000,1.000000,1.000000,1.000000,1.000000,true,
C05,age_25,Age,Age <= 25,Age > 25,equal_opportunity,Equal Opportunity,0.10,70.0000,0.0000,37,163,19,121,18,42,19,18,0,0,121,42,0,0,1.000000,1.000000,1.000000,1.000000,1.000000,1.000000,true,
C05,age_25,Age,Age <= 25,Age > 25,equal_opportunity,Equal Opportunity,0.11,70.0000,0.0000,37,163,19,121,18,42,19,18,0,0,121,42,0,0,1.000000,1.000000,1.000000,1.000000,1.000000,1.000000,true,
C05,age_25,Age,Age <= 25,Age > 25,equal_opportunity,Equal Opportunity,0.12,70.0000,0.0000,37,163,19,121,18,42,19,18,0,0,121,42,0,0,1.000000,1.000000,1.000000,1.000000,1.000000,1.000000,true,
C05,age_25,Age,Age <= 25,Age > 25,equal_opportunity,Equal Opportunity,0.13,70.0000,0.0000,37,163,19,121,18,42,19,18,0,0,121,42,0,0,1.000000,1.000000,1.000000,1.000000,1.000000,1.000000,true,
C05,age_25,Age,Age <= 25,Age > 25,equal_opportunity,Equal Opportunity,0.14,70.0000,0.0000,37,163,19,121,18,42,19,18,0,0,121,42,0,0,1.000000,1.000000,1.000000,1.000000,1.000000,1.000000,true,
C05,age_25,Age,Age <= 25,Age > 25,equal_opportunity,Equal Opportunity,0.15,70.0000,0.0000,37,163,19,121,18,42,19,18,0,0,121,42,0,0,1.000000,1.000000,1.000000,1.000000,1.000000,1.000000,true,
C05,age_25,Age,Age <= 25,Age > 25,equal_opportunity,Equal Opportunity,0.16,70.0000,0.0000,37,163,19,121,18,42,19,18,0,0,121,42,0,0,1.000000,1.000000,1.000000,1.000000,1.000000,1.000000,true,
C05,age_25,Age,Age <= 25,Age > 25,equal_opportunity,Equal Opportunity,0.17,70.0000,0.0000,37,163,19,121,18,42,19,18,0,0,121,42,0,0,1.000000,1.000000,1.000000,1.000000,1.000000,1.000000,true,
C05,age_25,Age,Age <= 25,Age > 25,equal_opportunity,Equal Opportunity,0.18,70.0000,0.0000,37,163,19,121,18,42,19,18,0,0,121,42,0,0,1.000000,1.000000,1.000000,1.000000,1.000000,1.000000,true,
C05,age_25,Age,Age <= 25,Age > 25,equal_opportunity,Equal Opportunity,0.19,70.0000,0.0000,37,163,19,121,18,42,19,18,0,0,121,42,0,0,1.000000,1.000000,1.000000,1.000000,1.000000,1.000000,true,
C05,age_25,Age,Age <= 25,Age > 25,equal_opportunity,Equal Opportunity,0.20,70.0000,0.0000,37,163,19,121,18,42,19,18,0,0,121,42,0,0,1.000000,1.000000,1.000000,1.000000,1.000000,1.000000,true,
C05,age_25,Age,Age <= 25,Age > 25,equal_opportunity,Equal Opportunity,0.21,70.0000,0.0000,37,163,19,121,18,42,19,18,0,0,121,42,0,0,1.000000,1.000000,1.000000,1.000000,1.000000,1.000000,true,
C05,age_25,Age,Age <= 25,Age > 25,equal_opportunity,Equal Opportunity,0.22,70.0000,0.0000,37,163,19,121,18,42,19,18,0,0,121,42,0,0,1.000000,1.000000,1.000000,1.000000,1.000000,1.000000,true,
C05,age_25,Age,Age <= 25,Age > 25,equal_opportunity,Equal Opportunity,0.23,70.0000,0.0000,37,163,19,121,18,42,19,18,0,0,121,42,0,0,1.000000,1.000000,1.000000,1.000000,1.000000,1.000000,true,
C05,age_25,Age,Age <= 25,Age > 25,equal_opportunity,Equal Opportunity,0.24,70.0000,0.0000,37,163,19,121,18,42,19,18,0,0,121,42,0,0,1.000000,1.000000,1.000000,1.000000,1.000000,1.000000,true,
C05,age_25,Age,Age <= 25,Age > 25,equal_opportunity,Equal Opportunity,0.25,70.0000,0.0000,37,163,19,121,18,42,19,18,0,0,121,42,0,0,1.000000,1.000000,1.000000,1.000000,1.000000,1.000000,true,
C05,age_25,Age,Age <= 25,Age > 25,equal_opportunity,Equal Opportunity,0.26,70.0000,0.0000,37,163,19,121,18,42,19,18,0,0,121,42,0,0,1.000000,1.000000,1.000000,1.000000,1.000000,1.000000,true,
C05,age_25,Age,Age <= 25,Age > 25,equal_opportunity,Equal Opportunity,0.27,70.0000,0.0000,37,163,19,121,18,42,19,18,0,0,121,42,0,0,1.000000,1.000000,1.000000,1.000000,1.000000,1.000000,true,
C05,age_25,Age,Age <= 25,Age > 25,equal_opportunity,Equal Opportunity,0.28,70.0000,0.0000,37,163,19,121,18,42,19,18,0,0,121,42,0,0,1.000000,1.000000,1.000000,1.000000,1.000000,1.000000,true,
C05,age_25,Age,Age <= 25,Age > 25,equal_opportunity,Equal Opportunity,0.29,70.0000,0.0000,37,163,19,121,18,42,19,18,0,0,121,42,0,0,1.000000,1.000000,1.000000,1.000000,1.000000,1.000000,true,
C05,age_25,Age,Age <= 25,Age > 25,equal_opportunity,Equal Opportunity,0.30,70.0000,0.0000,37,163,19,121,18,42,19,18,0,0,121,42,0,0,1.000000,1.000000,1.000000,1.000000,1.000000,1.000000,true,
C05,age_25,Age,Age <= 25,Age > 25,equal_opportunity,Equal Opportunity,0.31,70.5000,0.0000,37,163,19,121,18,42,19,17,1,0,121,42,0,0,0.972973,1.000000,1.000000,1.000000,0.944444,1.000000,true,
C05,age_25,Age,Age <= 25,Age > 25,equal_opportunity,Equal Opportunity,0.32,70.5000,0.0000,37,163,19,121,18,42,19,17,1,0,121,42,0,0,0.972973,1.000000,1.000000,1.000000,0.944444,1.000000,true,
C05,age_25,Age,Age <= 25,Age > 25,equal_opportunity,Equal Opportunity,0.33,71.0000,0.0000,37,163,19,121,18,42,19,17,1,0,121,41,1,0,0.972973,0.993865,1.000000,1.000000,0.944444,0.976190,true,
C05,age_25,Age,Age <= 25,Age > 25,equal_opportunity,Equal Opportunity,0.34,71.0000,0.0000,37,163,19,121,18,42,19,17,1,0,121,41,1,0,0.972973,0.993865,1.000000,1.000000,0.944444,0.976190,true,
C05,age_25,Age,Age <= 25,Age > 25,equal_opportunity,Equal Opportunity,0.35,71.0000,0.0000,37,163,19,121,18,42,19,17,1,0,121,41,1,0,0.972973,0.993865,1.000000,1.000000,0.944444,0.976190,true,
C05,age_25,Age,Age <= 25,Age > 25,equal_opportunity,Equal Opportunity,0.36,71.5000,0.0000,37,163,19,121,18,42,19,17,1,0,121,40,2,0,0.972973,0.987730,1.000000,1.000000,0.944444,0.952381,true,
C05,age_25,Age,Age <= 25,Age > 25,equal_opportunity,Equal Opportunity,0.37,72.0000,0.0000,37,163,19,121,18,42,19,17,1,0,121,39,3,0,0.972973,0.981595,1.000000,1.000000,0.944444,0.928571,true,
C05,age_25,Age,Age <= 25,Age > 25,equal_opportunity,Equal Opportunity,0.38,72.5000,0.0000,37,163,19,121,18,42,19,17,1,0,121,38,4,0,0.972973,0.975460,1.000000,1.000000,0.944444,0.904762,true,
C05,age_25,Age,Age <= 25,Age > 25,equal_opportunity,Equal Opportunity,0.39,72.5000,0.0000,37,163,19,121,18,42,19,17,1,0,121,38,4,0,0.972973,0.975460,1.000000,1.000000,0.944444,0.904762,true,
C05,age_25,Age,Age <= 25,Age > 25,equal_opportunity,Equal Opportunity,0.40,72.5000,0.0000,37,163,19,121,18,42,19,17,1,0,121,38,4,0,0.972973,0.975460,1.000000,1.000000,0.944444,0.904762,true,
C05,age_25,Age,Age <= 25,Age > 25,equal_opportunity,Equal Opportunity,0.41,74.0000,0.0000,37,163,19,121,18,42,19,16,2,0,121,36,6,0,0.945946,0.963190,1.000000,1.000000,0.888889,0.857143,true,
C05,age_25,Age,Age <= 25,Age > 25,equal_opportunity,Equal Opportunity,0.42,74.0000,0.0000,37,163,19,121,18,42,19,16,2,0,121,36,6,0,0.945946,0.963190,1.000000,1.000000,0.888889,0.857143,true,
C05,age_25,Age,Age <= 25,Age > 25,equal_opportunity,Equal Opportunity,0.43,76.0000,0.0000,37,163,19,121,18,42,19,14,4,0,121,34,8,0,0.891892,0.950920,1.000000,1.000000,0.777778,0.809524,true,
C05,age_25,Age,Age <= 25,Age > 25,equal_opportunity,Equal Opportunity,0.44,76.0000,0.8264,37,163,19,121,18,42,19,13,5,0,120,34,8,1,0.864865,0.944785,1.000000,0.991736,0.722222,0.809524,true,
C05,age_25,Age,Age <= 25,Age > 25,equal_opportunity,Equal Opportunity,0.45,76.5000,0.8264,37,163,19,121,18,42,19,13,5,0,120,33,9,1,0.864865,0.938650,1.000000,0.991736,0.722222,0.785714,true,
C05,age_25,Age,Age <= 25,Age > 25,equal_opportunity,Equal Opportunity,0.46,76.0000,2.4793,37,163,19,121,18,42,19,13,5,0,118,32,10,3,0.864865,0.920245,1.000000,0.975207,0.722222,0.761905,true,
C05,age_25,Age,Age <= 25,Age > 25,equal_opportunity,Equal Opportunity,0.47,75.5000,3.3058,37,163,19,121,18,42,19,13,5,0,117,32,10,4,0.864865,0.914110,1.000000,0.966942,0.722222,0.761905,true,
C05,age_25,Age,Age <= 25,Age > 25,equal_opportunity,Equal Opportunity,0.48,75.0000,1.1309,37,163,19,121,18,42,18,13,5,1,116,31,11,5,0.837838,0.901840,0.947368,0.958678,0.722222,0.738095,true,
C05,age_25,Age,Age <= 25,Age > 25,equal_opportunity,Equal Opportunity,0.49,76.5000,1.1309,37,163,19,121,18,42,18,11,7,1,116,30,12,5,0.783784,0.895706,0.947368,0.958678,0.611111,0.714286,true,
C05,age_25,Age,Age <= 25,Age > 25,equal_opportunity,Equal Opportunity,0.50,77.0000,0.3045,37,163,19,121,18,42,18,11,7,1,115,28,14,6,0.783784,0.877301,0.947368,0.950413,0.611111,0.666667,true,
C05,age_25,Age,Age <= 25,Age > 25,equal_opportunity,Equal Opportunity,0.51,76.0000,4.7412,37,163,19,121,18,42,17,11,7,2,114,28,14,7,0.756757,0.871166,0.894737,0.942149,0.611111,0.666667,true,
C05,age_25,Age,Age <= 25,Age > 25,equal_opportunity,Equal Opportunity,0.52,76.5000,3.9147,37,163,19,121,18,42,17,11,7,2,113,26,16,8,0.756757,0.852761,0.894737,0.933884,0.611111,0.619048,true,
C05,age_25,Age,Age <= 25,Age > 25,equal_opportunity,Equal Opportunity,0.53,77.5000,3.0883,37,163,19,121,18,42,17,10,8,2,112,24,18,9,0.729730,0.834356,0.894737,0.925620,0.555556,0.571429,true,
C05,age_25,Age,Age <= 25,Age > 25,equal_opportunity,Equal Opportunity,0.54,77.5000,2.2619,37,163,19,121,18,42,17,10,8,2,111,23,19,10,0.729730,0.822086,0.894737,0.917355,0.555556,0.547619,true,
C05,age_25,Age,Age <= 25,Age > 25,equal_opportunity,Equal Opportunity,0.55,79.5000,2.2619,37,163,19,121,18,42,17,7,11,2,111,22,20,10,0.648649,0.815951,0.894737,0.917355,0.388889,0.523810,true,
C05,age_25,Age,Age <= 25,Age > 25,equal_opportunity,Equal Opportunity,0.56,78.0000,0.2175,37,163,19,121,18,42,17,7,11,2,108,22,20,13,0.648649,0.797546,0.894737,0.892562,0.388889,0.523810,true,
C05,age_25,Age,Age <= 25,Age > 25,equal_opportunity,Equal Opportunity,0.57,79.5000,0.2175,37,163,19,121,18,42,17,5,13,2,108,21,21,13,0.594595,0.791411,0.894737,0.892562,0.277778,0.500000,true,
C05,age_25,Age,Age <= 25,Age > 25,equal_opportunity,Equal Opportunity,0.58,79.5000,5.0457,37,163,19,121,18,42,16,5,13,3,108,20,22,13,0.567568,0.785276,0.842105,0.892562,0.277778,0.476190,true,
C05,age_25,Age,Age <= 25,Age > 25,equal_opportunity,Equal Opportunity,0.59,79.5000,5.0457,37,163,19,121,18,42,16,5,13,3,108,20,22,13,0.567568,0.785276,0.842105,0.892562,0.277778,0.476190,true,
C05,age_25,Age,Age <= 25,Age > 25,equal_opportunity,Equal Opportunity,0.60,79.0000,4.2192,37,163,19,121,18,42,16,5,13,3,107,20,22,14,0.567568,0.779141,0.842105,0.884298,0.277778,0.476190,true,
C05,age_25,Age,Age <= 25,Age > 25,equal_opportunity,Equal Opportunity,0.61,80.0000,4.2192,37,163,19,121,18,42,16,4,14,3,107,19,23,14,0.540541,0.773006,0.842105,0.884298,0.222222,0.452381,true,
C05,age_25,Age,Age <= 25,Age > 25,equal_opportunity,Equal Opportunity,0.62,80.0000,9.4824,37,163,19,121,18,42,15,4,14,4,107,18,24,14,0.513514,0.766871,0.789474,0.884298,0.222222,0.428571,true,
C05,age_25,Age,Age <= 25,Age > 25,equal_opportunity,Equal Opportunity,0.63,79.5000,7.8295,37,163,19,121,18,42,15,4,14,4,105,17,25,16,0.513514,0.748466,0.789474,0.867769,0.222222,0.404762,true,
C05,age_25,Age,Age <= 25,Age > 25,equal_opportunity,Equal Opportunity,0.64,80.0000,7.8295,37,163,19,121,18,42,15,3,15,4,105,17,25,16,0.486486,0.748466,0.789474,0.867769,0.166667,0.404762,true,
C05,age_25,Age,Age <= 25,Age > 25,equal_opportunity,Equal Opportunity,0.65,79.5000,7.0030,37,163,19,121,18,42,15,3,15,4,104,17,25,17,0.486486,0.742331,0.789474,0.859504,0.166667,0.404762,true,
C05,age_25,Age,Age <= 25,Age > 25,equal_opportunity,Equal Opportunity,0.66,77.0000,8.9604,37,163,19,121,18,42,14,3,15,5,100,17,25,21,0.459459,0.717791,0.736842,0.826446,0.166667,0.404762,true,
C05,age_25,Age,Age <= 25,Age > 25,equal_opportunity,Equal Opportunity,0.67,77.0000,8.1340,37,163,19,121,18,42,14,3,15,5,99,16,26,22,0.459459,0.705521,0.736842,0.818182,0.166667,0.380952,true,
C05,age_25,Age,Age <= 25,Age > 25,equal_opportunity,Equal Opportunity,0.68,76.0000,6.4811,37,163,19,121,18,42,14,3,15,5,97,16,26,24,0.459459,0.693252,0.736842,0.801653,0.166667,0.380952,true,
C05,age_25,Age,Age <= 25,Age > 25,equal_opportunity,Equal Opportunity,0.69,75.0000,10.0913,37,163,19,121,18,42,13,2,16,6,95,16,26,26,0.405405,0.680982,0.684211,0.785124,0.111111,0.380952,true,
C05,age_25,Age,Age <= 25,Age > 25,equal_opportunity,Equal Opportunity,0.70,74.5000,7.6120,37,163,19,121,18,42,13,2,16,6,92,14,28,29,0.405405,0.650307,0.684211,0.760331,0.111111,0.333333,true,
C05,age_25,Age,Age <= 25,Age > 25,equal_opportunity,Equal Opportunity,0.71,73.5000,5.1327,37,163,19,121,18,42,13,2,16,6,89,13,29,32,0.405405,0.625767,0.684211,0.735537,0.111111,0.309524,true,
C05,age_25,Age,Age <= 25,Age > 25,equal_opportunity,Equal Opportunity,0.72,72.0000,8.7429,37,163,19,121,18,42,12,2,16,7,87,13,29,34,0.378378,0.613497,0.631579,0.719008,0.111111,0.309524,true,
C05,age_25,Age,Age <= 25,Age > 25,equal_opportunity,Equal Opportunity,0.73,71.5000,13.1796,37,163,19,121,18,42,11,1,17,8,86,13,29,35,0.324324,0.607362,0.578947,0.710744,0.055556,0.309524,true,
C05,age_25,Age,Age <= 25,Age > 25,equal_opportunity,Equal Opportunity,0.74,70.5000,17.6164,37,163,19,121,18,42,10,1,17,9,85,13,29,36,0.297297,0.601227,0.526316,0.702479,0.055556,0.309524,true,
C05,age_25,Age,Age <= 25,Age > 25,equal_opportunity,Equal Opportunity,0.75,67.5000,24.8369,37,163,19,121,18,42,8,1,17,11,81,13,29,40,0.243243,0.576687,0.421053,0.669421,0.055556,0.309524,true,
C05,age_25,Age,Age <= 25,Age > 25,equal_opportunity,Equal Opportunity,0.76,66.5000,28.4472,37,163,19,121,18,42,7,1,17,12,79,12,30,42,0.216216,0.558282,0.368421,0.652893,0.055556,0.285714,true,
C05,age_25,Age,Age <= 25,Age > 25,equal_opportunity,Equal Opportunity,0.77,63.5000,29.5781,37,163,19,121,18,42,6,1,17,13,74,12,30,47,0.189189,0.527607,0.315789,0.611570,0.055556,0.285714,true,
C05,age_25,Age,Age <= 25,Age > 25,equal_opportunity,Equal Opportunity,0.78,60.5000,23.7930,37,163,19,121,18,42,6,1,17,13,67,11,31,54,0.189189,0.478528,0.315789,0.553719,0.055556,0.261905,true,
C05,age_25,Age,Age <= 25,Age > 25,equal_opportunity,Equal Opportunity,0.79,59.5000,22.1401,37,163,19,121,18,42,6,1,17,13,65,11,31,56,0.189189,0.466258,0.315789,0.537190,0.055556,0.261905,true,
C05,age_25,Age,Age <= 25,Age > 25,equal_opportunity,Equal Opportunity,0.80,59.5000,21.3136,37,163,19,121,18,42,6,1,17,13,64,10,32,57,0.189189,0.453988,0.315789,0.528926,0.055556,0.238095,true,
C05,age_25,Age,Age <= 25,Age > 25,equal_opportunity,Equal Opportunity,0.81,56.0000,26.8813,37,163,19,121,18,42,4,1,17,15,58,9,33,63,0.135135,0.411043,0.210526,0.479339,0.055556,0.214286,true,
C05,age_25,Age,Age <= 25,Age > 25,equal_opportunity,Equal Opportunity,0.82,55.0000,30.4915,37,163,19,121,18,42,3,0,18,16,56,9,33,65,0.081081,0.398773,0.157895,0.462810,0.000000,0.214286,true,
C05,age_25,Age,Age <= 25,Age > 25,equal_opportunity,Equal Opportunity,0.83,53.0000,26.3593,37,163,19,121,18,42,3,0,18,16,51,8,34,70,0.081081,0.361963,0.157895,0.421488,0.000000,0.190476,true,
C05,age_25,Age,Age <= 25,Age > 25,equal_opportunity,Equal Opportunity,0.84,49.5000,19.7477,37,163,19,121,18,42,3,0,18,16,43,7,35,78,0.081081,0.306748,0.157895,0.355372,0.000000,0.166667,true,
C05,age_25,Age,Age <= 25,Age > 25,equal_opportunity,Equal Opportunity,0.85,47.0000,14.7890,37,163,19,121,18,42,3,0,18,16,37,6,36,84,0.081081,0.263804,0.157895,0.305785,0.000000,0.142857,true,
C05,age_25,Age,Age <= 25,Age > 25,equal_opportunity,Equal Opportunity,0.86,45.5000,11.4833,37,163,19,121,18,42,3,0,18,16,33,5,37,88,0.081081,0.233129,0.157895,0.272727,0.000000,0.119048,true,
C05,age_25,Age,Age <= 25,Age > 25,equal_opportunity,Equal Opportunity,0.87,44.5000,9.8304,37,163,19,121,18,42,3,0,18,16,31,5,37,90,0.081081,0.220859,0.157895,0.256198,0.000000,0.119048,true,
C05,age_25,Age,Age <= 25,Age > 25,equal_opportunity,Equal Opportunity,0.88,44.0000,8.1775,37,163,19,121,18,42,3,0,18,16,29,4,38,92,0.081081,0.202454,0.157895,0.239669,0.000000,0.095238,true,
C05,age_25,Age,Age <= 25,Age > 25,equal_opportunity,Equal Opportunity,0.89,41.5000,10.1348,37,163,19,121,18,42,2,0,18,17,25,4,38,96,0.054054,0.177914,0.105263,0.206612,0.000000,0.095238,true,
C05,age_25,Age,Age <= 25,Age > 25,equal_opportunity,Equal Opportunity,0.90,39.0000,5.1762,37,163,19,121,18,42,2,0,18,17,19,3,39,102,0.054054,0.134969,0.105263,0.157025,0.000000,0.071429,true,
C05,age_25,Age,Age <= 25,Age > 25,equal_opportunity,Equal Opportunity,0.91,36.5000,7.1335,37,163,19,121,18,42,1,0,18,18,15,3,39,106,0.027027,0.110429,0.052632,0.123967,0.000000,0.071429,true,
C05,age_25,Age,Age <= 25,Age > 25,equal_opportunity,Equal Opportunity,0.92,33.5000,6.6116,37,163,19,121,18,42,0,0,18,19,8,1,41,113,0.000000,0.055215,0.000000,0.066116,0.000000,0.023810,true,
C05,age_25,Age,Age <= 25,Age > 25,equal_opportunity,Equal Opportunity,0.93,32.0000,4.1322,37,163,19,121,18,42,0,0,18,19,5,1,41,116,0.000000,0.036810,0.000000,0.041322,0.000000,0.023810,true,
C05,age_25,Age,Age <= 25,Age > 25,equal_opportunity,Equal Opportunity,0.94,31.0000,1.6529,37,163,19,121,18,42,0,0,18,19,2,0,42,119,0.000000,0.012270,0.000000,0.016529,0.000000,0.000000,true,
C05,age_25,Age,Age <= 25,Age > 25,equal_opportunity,Equal Opportunity,0.95,30.5000,0.8264,37,163,19,121,18,42,0,0,18,19,1,0,42,120,0.000000,0.006135,0.000000,0.008264,0.000000,0.000000,true,
C06,age_25,Age,Age <= 25,Age > 25,equalized_odds,Equalized Odds,0.05,70.0000,0.0000,37,163,19,121,18,42,19,18,0,0,121,42,0,0,1.000000,1.000000,1.000000,1.000000,1.000000,1.000000,true,
C06,age_25,Age,Age <= 25,Age > 25,equalized_odds,Equalized Odds,0.06,70.0000,0.0000,37,163,19,121,18,42,19,18,0,0,121,42,0,0,1.000000,1.000000,1.000000,1.000000,1.000000,1.000000,true,
C06,age_25,Age,Age <= 25,Age > 25,equalized_odds,Equalized Odds,0.07,70.0000,0.0000,37,163,19,121,18,42,19,18,0,0,121,42,0,0,1.000000,1.000000,1.000000,1.000000,1.000000,1.000000,true,
C06,age_25,Age,Age <= 25,Age > 25,equalized_odds,Equalized Odds,0.08,70.0000,0.0000,37,163,19,121,18,42,19,18,0,0,121,42,0,0,1.000000,1.000000,1.000000,1.000000,1.000000,1.000000,true,
C06,age_25,Age,Age <= 25,Age > 25,equalized_odds,Equalized Odds,0.09,70.0000,0.0000,37,163,19,121,18,42,19,18,0,0,121,42,0,0,1.000000,1.000000,1.000000,1.000000,1.000000,1.000000,true,
C06,age_25,Age,Age <= 25,Age > 25,equalized_odds,Equalized Odds,0.10,70.0000,0.0000,37,163,19,121,18,42,19,18,0,0,121,42,0,0,1.000000,1.000000,1.000000,1.000000,1.000000,1.000000,true,
C06,age_25,Age,Age <= 25,Age > 25,equalized_odds,Equalized Odds,0.11,70.0000,0.0000,37,163,19,121,18,42,19,18,0,0,121,42,0,0,1.000000,1.000000,1.000000,1.000000,1.000000,1.000000,true,
C06,age_25,Age,Age <= 25,Age > 25,equalized_odds,Equalized Odds,0.12,70.0000,0.0000,37,163,19,121,18,42,19,18,0,0,121,42,0,0,1.000000,1.000000,1.000000,1.000000,1.000000,1.000000,true,
C06,age_25,Age,Age <= 25,Age > 25,equalized_odds,Equalized Odds,0.13,70.0000,0.0000,37,163,19,121,18,42,19,18,0,0,121,42,0,0,1.000000,1.000000,1.000000,1.000000,1.000000,1.000000,true,
C06,age_25,Age,Age <= 25,Age > 25,equalized_odds,Equalized Odds,0.14,70.0000,0.0000,37,163,19,121,18,42,19,18,0,0,121,42,0,0,1.000000,1.000000,1.000000,1.000000,1.000000,1.000000,true,
C06,age_25,Age,Age <= 25,Age > 25,equalized_odds,Equalized Odds,0.15,70.0000,0.0000,37,163,19,121,18,42,19,18,0,0,121,42,0,0,1.000000,1.000000,1.000000,1.000000,1.000000,1.000000,true,
C06,age_25,Age,Age <= 25,Age > 25,equalized_odds,Equalized Odds,0.16,70.0000,0.0000,37,163,19,121,18,42,19,18,0,0,121,42,0,0,1.000000,1.000000,1.000000,1.000000,1.000000,1.000000,true,
C06,age_25,Age,Age <= 25,Age > 25,equalized_odds,Equalized Odds,0.17,70.0000,0.0000,37,163,19,121,18,42,19,18,0,0,121,42,0,0,1.000000,1.000000,1.000000,1.000000,1.000000,1.000000,true,
C06,age_25,Age,Age <= 25,Age > 25,equalized_odds,Equalized Odds,0.18,70.0000,0.0000,37,163,19,121,18,42,19,18,0,0,121,42,0,0,1.000000,1.000000,1.000000,1.000000,1.000000,1.000000,true,
C06,age_25,Age,Age <= 25,Age > 25,equalized_odds,Equalized Odds,0.19,70.0000,0.0000,37,163,19,121,18,42,19,18,0,0,121,42,0,0,1.000000,1.000000,1.000000,1.000000,1.000000,1.000000,true,
C06,age_25,Age,Age <= 25,Age > 25,equalized_odds,Equalized Odds,0.20,70.0000,0.0000,37,163,19,121,18,42,19,18,0,0,121,42,0,0,1.000000,1.000000,1.000000,1.000000,1.000000,1.000000,true,
C06,age_25,Age,Age <= 25,Age > 25,equalized_odds,Equalized Odds,0.21,70.0000,0.0000,37,163,19,121,18,42,19,18,0,0,121,42,0,0,1.000000,1.000000,1.000000,1.000000,1.000000,1.000000,true,
C06,age_25,Age,Age <= 25,Age > 25,equalized_odds,Equalized Odds,0.22,70.0000,0.0000,37,163,19,121,18,42,19,18,0,0,121,42,0,0,1.000000,1.000000,1.000000,1.000000,1.000000,1.000000,true,
C06,age_25,Age,Age <= 25,Age > 25,equalized_odds,Equalized Odds,0.23,70.0000,0.0000,37,163,19,121,18,42,19,18,0,0,121,42,0,0,1.000000,1.000000,1.000000,1.000000,1.000000,1.000000,true,
C06,age_25,Age,Age <= 25,Age > 25,equalized_odds,Equalized Odds,0.24,70.0000,0.0000,37,163,19,121,18,42,19,18,0,0,121,42,0,0,1.000000,1.000000,1.000000,1.000000,1.000000,1.000000,true,
C06,age_25,Age,Age <= 25,Age > 25,equalized_odds,Equalized Odds,0.25,70.0000,0.0000,37,163,19,121,18,42,19,18,0,0,121,42,0,0,1.000000,1.000000,1.000000,1.000000,1.000000,1.000000,true,
C06,age_25,Age,Age <= 25,Age > 25,equalized_odds,Equalized Odds,0.26,70.0000,0.0000,37,163,19,121,18,42,19,18,0,0,121,42,0,0,1.000000,1.000000,1.000000,1.000000,1.000000,1.000000,true,
C06,age_25,Age,Age <= 25,Age > 25,equalized_odds,Equalized Odds,0.27,70.0000,0.0000,37,163,19,121,18,42,19,18,0,0,121,42,0,0,1.000000,1.000000,1.000000,1.000000,1.000000,1.000000,true,
C06,age_25,Age,Age <= 25,Age > 25,equalized_odds,Equalized Odds,0.28,70.0000,0.0000,37,163,19,121,18,42,19,18,0,0,121,42,0,0,1.000000,1.000000,1.000000,1.000000,1.000000,1.000000,true,
C06,age_25,Age,Age <= 25,Age > 25,equalized_odds,Equalized Odds,0.29,70.0000,0.0000,37,163,19,121,18,42,19,18,0,0,121,42,0,0,1.000000,1.000000,1.000000,1.000000,1.000000,1.000000,true,
C06,age_25,Age,Age <= 25,Age > 25,equalized_odds,Equalized Odds,0.30,70.0000,0.0000,37,163,19,121,18,42,19,18,0,0,121,42,0,0,1.000000,1.000000,1.000000,1.000000,1.000000,1.000000,true,
C06,age_25,Age,Age <= 25,Age > 25,equalized_odds,Equalized Odds,0.31,70.5000,5.5556,37,163,19,121,18,42,19,17,1,0,121,42,0,0,0.972973,1.000000,1.000000,1.000000,0.944444,1.000000,true,
C06,age_25,Age,Age <= 25,Age > 25,equalized_odds,Equalized Odds,0.32,70.5000,5.5556,37,163,19,121,18,42,19,17,1,0,121,42,0,0,0.972973,1.000000,1.000000,1.000000,0.944444,1.000000,true,
C06,age_25,Age,Age <= 25,Age > 25,equalized_odds,Equalized Odds,0.33,71.0000,3.1746,37,163,19,121,18,42,19,17,1,0,121,41,1,0,0.972973,0.993865,1.000000,1.000000,0.944444,0.976190,true,
C06,age_25,Age,Age <= 25,Age > 25,equalized_odds,Equalized Odds,0.34,71.0000,3.1746,37,163,19,121,18,42,19,17,1,0,121,41,1,0,0.972973,0.993865,1.000000,1.000000,0.944444,0.976190,true,
C06,age_25,Age,Age <= 25,Age > 25,equalized_odds,Equalized Odds,0.35,71.0000,3.1746,37,163,19,121,18,42,19,17,1,0,121,41,1,0,0.972973,0.993865,1.000000,1.000000,0.944444,0.976190,true,
C06,age_25,Age,Age <= 25,Age > 25,equalized_odds,Equalized Odds,0.36,71.5000,0.7937,37,163,19,121,18,42,19,17,1,0,121,40,2,0,0.972973,0.987730,1.000000,1.000000,0.944444,0.952381,true,
C06,age_25,Age,Age <= 25,Age > 25,equalized_odds,Equalized Odds,0.37,72.0000,1.5873,37,163,19,121,18,42,19,17,1,0,121,39,3,0,0.972973,0.981595,1.000000,1.000000,0.944444,0.928571,true,
C06,age_25,Age,Age <= 25,Age > 25,equalized_odds,Equalized Odds,0.38,72.5000,3.9683,37,163,19,121,18,42,19,17,1,0,121,38,4,0,0.972973,0.975460,1.000000,1.000000,0.944444,0.904762,true,
C06,age_25,Age,Age <= 25,Age > 25,equalized_odds,Equalized Odds,0.39,72.5000,3.9683,37,163,19,121,18,42,19,17,1,0,121,38,4,0,0.972973,0.975460,1.000000,1.000000,0.944444,0.904762,true,
C06,age_25,Age,Age <= 25,Age > 25,equalized_odds,Equalized Odds,0.40,72.5000,3.9683,37,163,19,121,18,42,19,17,1,0,121,38,4,0,0.972973,0.975460,1.000000,1.000000,0.944444,0.904762,true,
C06,age_25,Age,Age <= 25,Age > 25,equalized_odds,Equalized Odds,0.41,74.0000,3.1746,37,163,19,121,18,42,19,16,2,0,121,36,6,0,0.945946,0.963190,1.000000,1.000000,0.888889,0.857143,true,
C06,age_25,Age,Age <= 25,Age > 25,equalized_odds,Equalized Odds,0.42,74.0000,3.1746,37,163,19,121,18,42,19,16,2,0,121,36,6,0,0.945946,0.963190,1.000000,1.000000,0.888889,0.857143,true,
C06,age_25,Age,Age <= 25,Age > 25,equalized_odds,Equalized Odds,0.43,76.0000,3.1746,37,163,19,121,18,42,19,14,4,0,121,34,8,0,0.891892,0.950920,1.000000,1.000000,0.777778,0.809524,true,
C06,age_25,Age,Age <= 25,Age > 25,equalized_odds,Equalized Odds,0.44,76.0000,8.7302,37,163,19,121,18,42,19,13,5,0,120,34,8,1,0.864865,0.944785,1.000000,0.991736,0.722222,0.809524,true,
C06,age_25,Age,Age <= 25,Age > 25,equalized_odds,Equalized Odds,0.45,76.5000,6.3492,37,163,19,121,18,42,19,13,5,0,120,33,9,1,0.864865,0.938650,1.000000,0.991736,0.722222,0.785714,true,
C06,age_25,Age,Age <= 25,Age > 25,equalized_odds,Equalized Odds,0.46,76.0000,3.9683,37,163,19,121,18,42,19,13,5,0,118,32,10,3,0.864865,0.920245,1.000000,0.975207,0.722222,0.761905,true,
C06,age_25,Age,Age <= 25,Age > 25,equalized_odds,Equalized Odds,0.47,75.5000,3.9683,37,163,19,121,18,42,19,13,5,0,117,32,10,4,0.864865,0.914110,1.000000,0.966942,0.722222,0.761905,true,
C06,age_25,Age,Age <= 25,Age > 25,equalized_odds,Equalized Odds,0.48,75.0000,1.5873,37,163,19,121,18,42,18,13,5,1,116,31,11,5,0.837838,0.901840,0.947368,0.958678,0.722222,0.738095,true,
C06,age_25,Age,Age <= 25,Age > 25,equalized_odds,Equalized Odds,0.49,76.5000,10.3175,37,163,19,121,18,42,18,11,7,1,116,30,12,5,0.783784,0.895706,0.947368,0.958678,0.611111,0.714286,true,
C06,age_25,Age,Age <= 25,Age > 25,equalized_odds,Equalized Odds,0.50,77.0000,5.5556,37,163,19,121,18,42,18,11,7,1,115,28,14,6,0.783784,0.877301,0.947368,0.950413,0.611111,0.666667,true,
C06,age_25,Age,Age <= 25,Age > 25,equalized_odds,Equalized Odds,0.51,76.0000,5.5556,37,163,19,121,18,42,17,11,7,2,114,28,14,7,0.756757,0.871166,0.894737,0.942149,0.611111,0.666667,true,
C06,age_25,Age,Age <= 25,Age > 25,equalized_odds,Equalized Odds,0.52,76.5000,3.9147,37,163,19,121,18,42,17,11,7,2,113,26,16,8,0.756757,0.852761,0.894737,0.933884,0.611111,0.619048,true,
C06,age_25,Age,Age <= 25,Age > 25,equalized_odds,Equalized Odds,0.53,77.5000,3.0883,37,163,19,121,18,42,17,10,8,2,112,24,18,9,0.729730,0.834356,0.894737,0.925620,0.555556,0.571429,true,
C06,age_25,Age,Age <= 25,Age > 25,equalized_odds,Equalized Odds,0.54,77.5000,2.2619,37,163,19,121,18,42,17,10,8,2,111,23,19,10,0.729730,0.822086,0.894737,0.917355,0.555556,0.547619,true,
C06,age_25,Age,Age <= 25,Age > 25,equalized_odds,Equalized Odds,0.55,79.5000,13.4921,37,163,19,121,18,42,17,7,11,2,111,22,20,10,0.648649,0.815951,0.894737,0.917355,0.388889,0.523810,true,
C06,age_25,Age,Age <= 25,Age > 25,equalized_odds,Equalized Odds,0.56,78.0000,13.4921,37,163,19,121,18,42,17,7,11,2,108,22,20,13,0.648649,0.797546,0.894737,0.892562,0.388889,0.523810,true,
C06,age_25,Age,Age <= 25,Age > 25,equalized_odds,Equalized Odds,0.57,79.5000,22.2222,37,163,19,121,18,42,17,5,13,2,108,21,21,13,0.594595,0.791411,0.894737,0.892562,0.277778,0.500000,true,
C06,age_25,Age,Age <= 25,Age > 25,equalized_odds,Equalized Odds,0.58,79.5000,19.8413,37,163,19,121,18,42,16,5,13,3,108,20,22,13,0.567568,0.785276,0.842105,0.892562,0.277778,0.476190,true,
C06,age_25,Age,Age <= 25,Age > 25,equalized_odds,Equalized Odds,0.59,79.5000,19.8413,37,163,19,121,18,42,16,5,13,3,108,20,22,13,0.567568,0.785276,0.842105,0.892562,0.277778,0.476190,true,
C06,age_25,Age,Age <= 25,Age > 25,equalized_odds,Equalized Odds,0.60,79.0000,19.8413,37,163,19,121,18,42,16,5,13,3,107,20,22,14,0.567568,0.779141,0.842105,0.884298,0.277778,0.476190,true,
C06,age_25,Age,Age <= 25,Age > 25,equalized_odds,Equalized Odds,0.61,80.0000,23.0159,37,163,19,121,18,42,16,4,14,3,107,19,23,14,0.540541,0.773006,0.842105,0.884298,0.222222,0.452381,true,
C06,age_25,Age,Age <= 25,Age > 25,equalized_odds,Equalized Odds,0.62,80.0000,20.6349,37,163,19,121,18,42,15,4,14,4,107,18,24,14,0.513514,0.766871,0.789474,0.884298,0.222222,0.428571,true,
C06,age_25,Age,Age <= 25,Age > 25,equalized_odds,Equalized Odds,0.63,79.5000,18.2540,37,163,19,121,18,42,15,4,14,4,105,17,25,16,0.513514,0.748466,0.789474,0.867769,0.222222,0.404762,true,
C06,age_25,Age,Age <= 25,Age > 25,equalized_odds,Equalized Odds,0.64,80.0000,23.8095,37,163,19,121,18,42,15,3,15,4,105,17,25,16,0.486486,0.748466,0.789474,0.867769,0.166667,0.404762,true,
C06,age_25,Age,Age <= 25,Age > 25,equalized_odds,Equalized Odds,0.65,79.5000,23.8095,37,163,19,121,18,42,15,3,15,4,104,17,25,17,0.486486,0.742331,0.789474,0.859504,0.166667,0.404762,true,
C06,age_25,Age,Age <= 25,Age > 25,equalized_odds,Equalized Odds,0.66,77.0000,23.8095,37,163,19,121,18,42,14,3,15,5,100,17,25,21,0.459459,0.717791,0.736842,0.826446,0.166667,0.404762,true,
C06,age_25,Age,Age <= 25,Age > 25,equalized_odds,Equalized Odds,0.67,77.0000,21.4286,37,163,19,121,18,42,14,3,15,5,99,16,26,22,0.459459,0.705521,0.736842,0.818182,0.166667,0.380952,true,
C06,age_25,Age,Age <= 25,Age > 25,equalized_odds,Equalized Odds,0.68,76.0000,21.4286,37,163,19,121,18,42,14,3,15,5,97,16,26,24,0.459459,0.693252,0.736842,0.801653,0.166667,0.380952,true,
C06,age_25,Age,Age <= 25,Age > 25,equalized_odds,Equalized Odds,0.69,75.0000,26.9841,37,163,19,121,18,42,13,2,16,6,95,16,26,26,0.405405,0.680982,0.684211,0.785124,0.111111,0.380952,true,
C06,age_25,Age,Age <= 25,Age > 25,equalized_odds,Equalized Odds,0.70,74.5000,22.2222,37,163,19,121,18,42,13,2,16,6,92,14,28,29,0.405405,0.650307,0.684211,0.760331,0.111111,0.333333,true,
C06,age_25,Age,Age <= 25,Age > 25,equalized_odds,Equalized Odds,0.71,73.5000,19.8413,37,163,19,121,18,42,13,2,16,6,89,13,29,32,0.405405,0.625767,0.684211,0.735537,0.111111,0.309524,true,
C06,age_25,Age,Age <= 25,Age > 25,equalized_odds,Equalized Odds,0.72,72.0000,19.8413,37,163,19,121,18,42,12,2,16,7,87,13,29,34,0.378378,0.613497,0.631579,0.719008,0.111111,0.309524,true,
C06,age_25,Age,Age <= 25,Age > 25,equalized_odds,Equalized Odds,0.73,71.5000,25.3968,37,163,19,121,18,42,11,1,17,8,86,13,29,35,0.324324,0.607362,0.578947,0.710744,0.055556,0.309524,true,
C06,age_25,Age,Age <= 25,Age > 25,equalized_odds,Equalized Odds,0.74,70.5000,25.3968,37,163,19,121,18,42,10,1,17,9,85,13,29,36,0.297297,0.601227,0.526316,0.702479,0.055556,0.309524,true,
C06,age_25,Age,Age <= 25,Age > 25,equalized_odds,Equalized Odds,0.75,67.5000,25.3968,37,163,19,121,18,42,8,1,17,11,81,13,29,40,0.243243,0.576687,0.421053,0.669421,0.055556,0.309524,true,
C06,age_25,Age,Age <= 25,Age > 25,equalized_odds,Equalized Odds,0.76,66.5000,28.4472,37,163,19,121,18,42,7,1,17,12,79,12,30,42,0.216216,0.558282,0.368421,0.652893,0.055556,0.285714,true,
C06,age_25,Age,Age <= 25,Age > 25,equalized_odds,Equalized Odds,0.77,63.5000,29.5781,37,163,19,121,18,42,6,1,17,13,74,12,30,47,0.189189,0.527607,0.315789,0.611570,0.055556,0.285714,true,
C06,age_25,Age,Age <= 25,Age > 25,equalized_odds,Equalized Odds,0.78,60.5000,23.7930,37,163,19,121,18,42,6,1,17,13,67,11,31,54,0.189189,0.478528,0.315789,0.553719,0.055556,0.261905,true,
C06,age_25,Age,Age <= 25,Age > 25,equalized_odds,Equalized Odds,0.79,59.5000,22.1401,37,163,19,121,18,42,6,1,17,13,65,11,31,56,0.189189,0.466258,0.315789,0.537190,0.055556,0.261905,true,
C06,age_25,Age,Age <= 25,Age > 25,equalized_odds,Equalized Odds,0.80,59.5000,21.3136,37,163,19,121,18,42,6,1,17,13,64,10,32,57,0.189189,0.453988,0.315789,0.528926,0.055556,0.238095,true,
C06,age_25,Age,Age <= 25,Age > 25,equalized_odds,Equalized Odds,0.81,56.0000,26.8813,37,163,19,121,18,42,4,1,17,15,58,9,33,63,0.135135,0.411043,0.210526,0.479339,0.055556,0.214286,true,
C06,age_25,Age,Age <= 25,Age > 25,equalized_odds,Equalized Odds,0.82,55.0000,30.4915,37,163,19,121,18,42,3,0,18,16,56,9,33,65,0.081081,0.398773,0.157895,0.462810,0.000000,0.214286,true,
C06,age_25,Age,Age <= 25,Age > 25,equalized_odds,Equalized Odds,0.83,53.0000,26.3593,37,163,19,121,18,42,3,0,18,16,51,8,34,70,0.081081,0.361963,0.157895,0.421488,0.000000,0.190476,true,
C06,age_25,Age,Age <= 25,Age > 25,equalized_odds,Equalized Odds,0.84,49.5000,19.7477,37,163,19,121,18,42,3,0,18,16,43,7,35,78,0.081081,0.306748,0.157895,0.355372,0.000000,0.166667,true,
C06,age_25,Age,Age <= 25,Age > 25,equalized_odds,Equalized Odds,0.85,47.0000,14.7890,37,163,19,121,18,42,3,0,18,16,37,6,36,84,0.081081,0.263804,0.157895,0.305785,0.000000,0.142857,true,
C06,age_25,Age,Age <= 25,Age > 25,equalized_odds,Equalized Odds,0.86,45.5000,11.9048,37,163,19,121,18,42,3,0,18,16,33,5,37,88,0.081081,0.233129,0.157895,0.272727,0.000000,0.119048,true,
C06,age_25,Age,Age <= 25,Age > 25,equalized_odds,Equalized Odds,0.87,44.5000,11.9048,37,163,19,121,18,42,3,0,18,16,31,5,37,90,0.081081,0.220859,0.157895,0.256198,0.000000,0.119048,true,
C06,age_25,Age,Age <= 25,Age > 25,equalized_odds,Equalized Odds,0.88,44.0000,9.5238,37,163,19,121,18,42,3,0,18,16,29,4,38,92,0.081081,0.202454,0.157895,0.239669,0.000000,0.095238,true,
C06,age_25,Age,Age <= 25,Age > 25,equalized_odds,Equalized Odds,0.89,41.5000,10.1348,37,163,19,121,18,42,2,0,18,17,25,4,38,96,0.054054,0.177914,0.105263,0.206612,0.000000,0.095238,true,
C06,age_25,Age,Age <= 25,Age > 25,equalized_odds,Equalized Odds,0.90,39.0000,7.1429,37,163,19,121,18,42,2,0,18,17,19,3,39,102,0.054054,0.134969,0.105263,0.157025,0.000000,0.071429,true,
C06,age_25,Age,Age <= 25,Age > 25,equalized_odds,Equalized Odds,0.91,36.5000,7.1429,37,163,19,121,18,42,1,0,18,18,15,3,39,106,0.027027,0.110429,0.052632,0.123967,0.000000,0.071429,true,
C06,age_25,Age,Age <= 25,Age > 25,equalized_odds,Equalized Odds,0.92,33.5000,6.6116,37,163,19,121,18,42,0,0,18,19,8,1,41,113,0.000000,0.055215,0.000000,0.066116,0.000000,0.023810,true,
C06,age_25,Age,Age <= 25,Age > 25,equalized_odds,Equalized Odds,0.93,32.0000,4.1322,37,163,19,121,18,42,0,0,18,19,5,1,41,116,0.000000,0.036810,0.000000,0.041322,0.000000,0.023810,true,
C06,age_25,Age,Age <= 25,Age > 25,equalized_odds,Equalized Odds,0.94,31.0000,1.6529,37,163,19,121,18,42,0,0,18,19,2,0,42,119,0.000000,0.012270,0.000000,0.016529,0.000000,0.000000,true,
C06,age_25,Age,Age <= 25,Age > 25,equalized_odds,Equalized Odds,0.95,30.5000,0.8264,37,163,19,121,18,42,0,0,18,19,1,0,42,120,0.000000,0.006135,0.000000,0.008264,0.000000,0.000000,true,
C07,foreign_worker,Foreign Worker,No,Yes,demographic_parity,Demographic Parity,0.05,70.0000,0.0000,6,194,6,134,0,60,6,0,0,0,134,60,0,0,1.000000,1.000000,1.000000,1.000000,,1.000000,true,
C07,foreign_worker,Foreign Worker,No,Yes,demographic_parity,Demographic Parity,0.06,70.0000,0.0000,6,194,6,134,0,60,6,0,0,0,134,60,0,0,1.000000,1.000000,1.000000,1.000000,,1.000000,true,
C07,foreign_worker,Foreign Worker,No,Yes,demographic_parity,Demographic Parity,0.07,70.0000,0.0000,6,194,6,134,0,60,6,0,0,0,134,60,0,0,1.000000,1.000000,1.000000,1.000000,,1.000000,true,
C07,foreign_worker,Foreign Worker,No,Yes,demographic_parity,Demographic Parity,0.08,70.0000,0.0000,6,194,6,134,0,60,6,0,0,0,134,60,0,0,1.000000,1.000000,1.000000,1.000000,,1.000000,true,
C07,foreign_worker,Foreign Worker,No,Yes,demographic_parity,Demographic Parity,0.09,70.0000,0.0000,6,194,6,134,0,60,6,0,0,0,134,60,0,0,1.000000,1.000000,1.000000,1.000000,,1.000000,true,
C07,foreign_worker,Foreign Worker,No,Yes,demographic_parity,Demographic Parity,0.10,70.0000,0.0000,6,194,6,134,0,60,6,0,0,0,134,60,0,0,1.000000,1.000000,1.000000,1.000000,,1.000000,true,
C07,foreign_worker,Foreign Worker,No,Yes,demographic_parity,Demographic Parity,0.11,70.0000,0.0000,6,194,6,134,0,60,6,0,0,0,134,60,0,0,1.000000,1.000000,1.000000,1.000000,,1.000000,true,
C07,foreign_worker,Foreign Worker,No,Yes,demographic_parity,Demographic Parity,0.12,70.0000,0.0000,6,194,6,134,0,60,6,0,0,0,134,60,0,0,1.000000,1.000000,1.000000,1.000000,,1.000000,true,
C07,foreign_worker,Foreign Worker,No,Yes,demographic_parity,Demographic Parity,0.13,70.0000,0.0000,6,194,6,134,0,60,6,0,0,0,134,60,0,0,1.000000,1.000000,1.000000,1.000000,,1.000000,true,
C07,foreign_worker,Foreign Worker,No,Yes,demographic_parity,Demographic Parity,0.14,70.0000,0.0000,6,194,6,134,0,60,6,0,0,0,134,60,0,0,1.000000,1.000000,1.000000,1.000000,,1.000000,true,
C07,foreign_worker,Foreign Worker,No,Yes,demographic_parity,Demographic Parity,0.15,70.0000,0.0000,6,194,6,134,0,60,6,0,0,0,134,60,0,0,1.000000,1.000000,1.000000,1.000000,,1.000000,true,
C07,foreign_worker,Foreign Worker,No,Yes,demographic_parity,Demographic Parity,0.16,70.0000,0.0000,6,194,6,134,0,60,6,0,0,0,134,60,0,0,1.000000,1.000000,1.000000,1.000000,,1.000000,true,
C07,foreign_worker,Foreign Worker,No,Yes,demographic_parity,Demographic Parity,0.17,70.0000,0.0000,6,194,6,134,0,60,6,0,0,0,134,60,0,0,1.000000,1.000000,1.000000,1.000000,,1.000000,true,
C07,foreign_worker,Foreign Worker,No,Yes,demographic_parity,Demographic Parity,0.18,70.0000,0.0000,6,194,6,134,0,60,6,0,0,0,134,60,0,0,1.000000,1.000000,1.000000,1.000000,,1.000000,true,
C07,foreign_worker,Foreign Worker,No,Yes,demographic_parity,Demographic Parity,0.19,70.0000,0.0000,6,194,6,134,0,60,6,0,0,0,134,60,0,0,1.000000,1.000000,1.000000,1.000000,,1.000000,true,
C07,foreign_worker,Foreign Worker,No,Yes,demographic_parity,Demographic Parity,0.20,70.0000,0.0000,6,194,6,134,0,60,6,0,0,0,134,60,0,0,1.000000,1.000000,1.000000,1.000000,,1.000000,true,
C07,foreign_worker,Foreign Worker,No,Yes,demographic_parity,Demographic Parity,0.21,70.0000,0.0000,6,194,6,134,0,60,6,0,0,0,134,60,0,0,1.000000,1.000000,1.000000,1.000000,,1.000000,true,
C07,foreign_worker,Foreign Worker,No,Yes,demographic_parity,Demographic Parity,0.22,70.0000,0.0000,6,194,6,134,0,60,6,0,0,0,134,60,0,0,1.000000,1.000000,1.000000,1.000000,,1.000000,true,
C07,foreign_worker,Foreign Worker,No,Yes,demographic_parity,Demographic Parity,0.23,70.0000,0.0000,6,194,6,134,0,60,6,0,0,0,134,60,0,0,1.000000,1.000000,1.000000,1.000000,,1.000000,true,
C07,foreign_worker,Foreign Worker,No,Yes,demographic_parity,Demographic Parity,0.24,70.0000,0.0000,6,194,6,134,0,60,6,0,0,0,134,60,0,0,1.000000,1.000000,1.000000,1.000000,,1.000000,true,
C07,foreign_worker,Foreign Worker,No,Yes,demographic_parity,Demographic Parity,0.25,70.0000,0.0000,6,194,6,134,0,60,6,0,0,0,134,60,0,0,1.000000,1.000000,1.000000,1.000000,,1.000000,true,
C07,foreign_worker,Foreign Worker,No,Yes,demographic_parity,Demographic Parity,0.26,70.0000,0.0000,6,194,6,134,0,60,6,0,0,0,134,60,0,0,1.000000,1.000000,1.000000,1.000000,,1.000000,true,
C07,foreign_worker,Foreign Worker,No,Yes,demographic_parity,Demographic Parity,0.27,70.0000,0.0000,6,194,6,134,0,60,6,0,0,0,134,60,0,0,1.000000,1.000000,1.000000,1.000000,,1.000000,true,
C07,foreign_worker,Foreign Worker,No,Yes,demographic_parity,Demographic Parity,0.28,70.0000,0.0000,6,194,6,134,0,60,6,0,0,0,134,60,0,0,1.000000,1.000000,1.000000,1.000000,,1.000000,true,
C07,foreign_worker,Foreign Worker,No,Yes,demographic_parity,Demographic Parity,0.29,70.0000,0.0000,6,194,6,134,0,60,6,0,0,0,134,60,0,0,1.000000,1.000000,1.000000,1.000000,,1.000000,true,
C07,foreign_worker,Foreign Worker,No,Yes,demographic_parity,Demographic Parity,0.30,70.0000,0.0000,6,194,6,134,0,60,6,0,0,0,134,60,0,0,1.000000,1.000000,1.000000,1.000000,,1.000000,true,
C07,foreign_worker,Foreign Worker,No,Yes,demographic_parity,Demographic Parity,0.31,70.5000,0.5155,6,194,6,134,0,60,6,0,0,0,134,59,1,0,1.000000,0.994845,1.000000,1.000000,,0.983333,true,
C07,foreign_worker,Foreign Worker,No,Yes,demographic_parity,Demographic Parity,0.32,70.5000,0.5155,6,194,6,134,0,60,6,0,0,0,134,59,1,0,1.000000,0.994845,1.000000,1.000000,,0.983333,true,
C07,foreign_worker,Foreign Worker,No,Yes,demographic_parity,Demographic Parity,0.33,71.0000,1.0309,6,194,6,134,0,60,6,0,0,0,134,58,2,0,1.000000,0.989691,1.000000,1.000000,,0.966667,true,
C07,foreign_worker,Foreign Worker,No,Yes,demographic_parity,Demographic Parity,0.34,71.0000,1.0309,6,194,6,134,0,60,6,0,0,0,134,58,2,0,1.000000,0.989691,1.000000,1.000000,,0.966667,true,
C07,foreign_worker,Foreign Worker,No,Yes,demographic_parity,Demographic Parity,0.35,71.0000,1.0309,6,194,6,134,0,60,6,0,0,0,134,58,2,0,1.000000,0.989691,1.000000,1.000000,,0.966667,true,
C07,foreign_worker,Foreign Worker,No,Yes,demographic_parity,Demographic Parity,0.36,71.5000,1.5464,6,194,6,134,0,60,6,0,0,0,134,57,3,0,1.000000,0.984536,1.000000,1.000000,,0.950000,true,
C07,foreign_worker,Foreign Worker,No,Yes,demographic_parity,Demographic Parity,0.37,72.0000,2.0619,6,194,6,134,0,60,6,0,0,0,134,56,4,0,1.000000,0.979381,1.000000,1.000000,,0.933333,true,
C07,foreign_worker,Foreign Worker,No,Yes,demographic_parity,Demographic Parity,0.38,72.5000,2.5773,6,194,6,134,0,60,6,0,0,0,134,55,5,0,1.000000,0.974227,1.000000,1.000000,,0.916667,true,
C07,foreign_worker,Foreign Worker,No,Yes,demographic_parity,Demographic Parity,0.39,72.5000,2.5773,6,194,6,134,0,60,6,0,0,0,134,55,5,0,1.000000,0.974227,1.000000,1.000000,,0.916667,true,
C07,foreign_worker,Foreign Worker,No,Yes,demographic_parity,Demographic Parity,0.40,72.5000,2.5773,6,194,6,134,0,60,6,0,0,0,134,55,5,0,1.000000,0.974227,1.000000,1.000000,,0.916667,true,
C07,foreign_worker,Foreign Worker,No,Yes,demographic_parity,Demographic Parity,0.41,74.0000,4.1237,6,194,6,134,0,60,6,0,0,0,134,52,8,0,1.000000,0.958763,1.000000,1.000000,,0.866667,true,
C07,foreign_worker,Foreign Worker,No,Yes,demographic_parity,Demographic Parity,0.42,74.0000,4.1237,6,194,6,134,0,60,6,0,0,0,134,52,8,0,1.000000,0.958763,1.000000,1.000000,,0.866667,true,
C07,foreign_worker,Foreign Worker,No,Yes,demographic_parity,Demographic Parity,0.43,76.0000,6.1856,6,194,6,134,0,60,6,0,0,0,134,48,12,0,1.000000,0.938144,1.000000,1.000000,,0.800000,true,
C07,foreign_worker,Foreign Worker,No,Yes,demographic_parity,Demographic Parity,0.44,76.0000,7.2165,6,194,6,134,0,60,6,0,0,0,133,47,13,1,1.000000,0.927835,1.000000,0.992537,,0.783333,true,
C07,foreign_worker,Foreign Worker,No,Yes,demographic_parity,Demographic Parity,0.45,76.5000,7.7320,6,194,6,134,0,60,6,0,0,0,133,46,14,1,1.000000,0.922680,1.000000,0.992537,,0.766667,true,
C07,foreign_worker,Foreign Worker,No,Yes,demographic_parity,Demographic Parity,0.46,76.0000,9.2784,6,194,6,134,0,60,6,0,0,0,131,45,15,3,1.000000,0.907216,1.000000,0.977612,,0.750000,true,
C07,foreign_worker,Foreign Worker,No,Yes,demographic_parity,Demographic Parity,0.47,75.5000,9.7938,6,194,6,134,0,60,6,0,0,0,130,45,15,4,1.000000,0.902062,1.000000,0.970149,,0.750000,true,
C07,foreign_worker,Foreign Worker,No,Yes,demographic_parity,Demographic Parity,0.48,75.0000,11.3402,6,194,6,134,0,60,6,0,0,0,128,44,16,6,1.000000,0.886598,1.000000,0.955224,,0.733333,true,
C07,foreign_worker,Foreign Worker,No,Yes,demographic_parity,Demographic Parity,0.49,76.5000,12.8866,6,194,6,134,0,60,6,0,0,0,128,41,19,6,1.000000,0.871134,1.000000,0.955224,,0.683333,true,
C07,foreign_worker,Foreign Worker,No,Yes,demographic_parity,Demographic Parity,0.50,77.0000,14.4330,6,194,6,134,0,60,6,0,0,0,127,39,21,7,1.000000,0.855670,1.000000,0.947761,,0.650000,true,
C07,foreign_worker,Foreign Worker,No,Yes,demographic_parity,Demographic Parity,0.51,76.0000,15.4639,6,194,6,134,0,60,6,0,0,0,125,39,21,9,1.000000,0.845361,1.000000,0.932836,,0.650000,true,
C07,foreign_worker,Foreign Worker,No,Yes,demographic_parity,Demographic Parity,0.52,76.5000,17.0103,6,194,6,134,0,60,6,0,0,0,124,37,23,10,1.000000,0.829897,1.000000,0.925373,,0.616667,true,
C07,foreign_worker,Foreign Worker,No,Yes,demographic_parity,Demographic Parity,0.53,77.5000,19.0722,6,194,6,134,0,60,6,0,0,0,123,34,26,11,1.000000,0.809278,1.000000,0.917910,,0.566667,true,
C07,foreign_worker,Foreign Worker,No,Yes,demographic_parity,Demographic Parity,0.54,77.5000,20.1031,6,194,6,134,0,60,6,0,0,0,122,33,27,12,1.000000,0.798969,1.000000,0.910448,,0.550000,true,
C07,foreign_worker,Foreign Worker,No,Yes,demographic_parity,Demographic Parity,0.55,79.5000,22.1649,6,194,6,134,0,60,6,0,0,0,122,29,31,12,1.000000,0.778351,1.000000,0.910448,,0.483333,true,
C07,foreign_worker,Foreign Worker,No,Yes,demographic_parity,Demographic Parity,0.56,78.0000,23.7113,6,194,6,134,0,60,6,0,0,0,119,29,31,15,1.000000,0.762887,1.000000,0.888060,,0.483333,true,
C07,foreign_worker,Foreign Worker,No,Yes,demographic_parity,Demographic Parity,0.57,79.5000,25.2577,6,194,6,134,0,60,6,0,0,0,119,26,34,15,1.000000,0.747423,1.000000,0.888060,,0.433333,true,
C07,foreign_worker,Foreign Worker,No,Yes,demographic_parity,Demographic Parity,0.58,79.5000,26.2887,6,194,6,134,0,60,6,0,0,0,118,25,35,16,1.000000,0.737113,1.000000,0.880597,,0.416667,true,
C07,foreign_worker,Foreign Worker,No,Yes,demographic_parity,Demographic Parity,0.59,79.5000,26.2887,6,194,6,134,0,60,6,0,0,0,118,25,35,16,1.000000,0.737113,1.000000,0.880597,,0.416667,true,
C07,foreign_worker,Foreign Worker,No,Yes,demographic_parity,Demographic Parity,0.60,79.0000,26.8041,6,194,6,134,0,60,6,0,0,0,117,25,35,17,1.000000,0.731959,1.000000,0.873134,,0.416667,true,
C07,foreign_worker,Foreign Worker,No,Yes,demographic_parity,Demographic Parity,0.61,80.0000,27.8351,6,194,6,134,0,60,6,0,0,0,117,23,37,17,1.000000,0.721649,1.000000,0.873134,,0.383333,true,
C07,foreign_worker,Foreign Worker,No,Yes,demographic_parity,Demographic Parity,0.62,80.0000,28.8660,6,194,6,134,0,60,6,0,0,0,116,22,38,18,1.000000,0.711340,1.000000,0.865672,,0.366667,true,
C07,foreign_worker,Foreign Worker,No,Yes,demographic_parity,Demographic Parity,0.63,79.5000,30.4124,6,194,6,134,0,60,6,0,0,0,114,21,39,20,1.000000,0.695876,1.000000,0.850746,,0.350000,true,
C07,foreign_worker,Foreign Worker,No,Yes,demographic_parity,Demographic Parity,0.64,80.0000,30.9278,6,194,6,134,0,60,6,0,0,0,114,20,40,20,1.000000,0.690722,1.000000,0.850746,,0.333333,true,
C07,foreign_worker,Foreign Worker,No,Yes,demographic_parity,Demographic Parity,0.65,79.5000,31.4433,6,194,6,134,0,60,6,0,0,0,113,20,40,21,1.000000,0.685567,1.000000,0.843284,,0.333333,true,
C07,foreign_worker,Foreign Worker,No,Yes,demographic_parity,Demographic Parity,0.66,77.0000,34.0206,6,194,6,134,0,60,6,0,0,0,108,20,40,26,1.000000,0.659794,1.000000,0.805970,,0.333333,true,
C07,foreign_worker,Foreign Worker,No,Yes,demographic_parity,Demographic Parity,0.67,77.0000,35.0515,6,194,6,134,0,60,6,0,0,0,107,19,41,27,1.000000,0.649485,1.000000,0.798507,,0.316667,true,
C07,foreign_worker,Foreign Worker,No,Yes,demographic_parity,Demographic Parity,0.68,76.0000,36.0825,6,194,6,134,0,60,6,0,0,0,105,19,41,29,1.000000,0.639175,1.000000,0.783582,,0.316667,true,
C07,foreign_worker,Foreign Worker,No,Yes,demographic_parity,Demographic Parity,0.69,75.0000,38.1443,6,194,6,134,0,60,6,0,0,0,102,18,42,32,1.000000,0.618557,1.000000,0.761194,,0.300000,true,
C07,foreign_worker,Foreign Worker,No,Yes,demographic_parity,Demographic Parity,0.70,74.5000,40.7216,6,194,6,134,0,60,6,0,0,0,99,16,44,35,1.000000,0.592784,1.000000,0.738806,,0.266667,true,
C07,foreign_worker,Foreign Worker,No,Yes,demographic_parity,Demographic Parity,0.71,73.5000,42.7835,6,194,6,134,0,60,6,0,0,0,96,15,45,38,1.000000,0.572165,1.000000,0.716418,,0.250000,true,
C07,foreign_worker,Foreign Worker,No,Yes,demographic_parity,Demographic Parity,0.72,72.0000,44.3299,6,194,6,134,0,60,6,0,0,0,93,15,45,41,1.000000,0.556701,1.000000,0.694030,,0.250000,true,
C07,foreign_worker,Foreign Worker,No,Yes,demographic_parity,Demographic Parity,0.73,71.5000,45.8763,6,194,6,134,0,60,6,0,0,0,91,14,46,43,1.000000,0.541237,1.000000,0.679104,,0.233333,true,
C07,foreign_worker,Foreign Worker,No,Yes,demographic_parity,Demographic Parity,0.74,70.5000,46.9072,6,194,6,134,0,60,6,0,0,0,89,14,46,45,1.000000,0.530928,1.000000,0.664179,,0.233333,true,
C07,foreign_worker,Foreign Worker,No,Yes,demographic_parity,Demographic Parity,0.75,67.5000,32.8179,6,194,6,134,0,60,5,0,0,1,84,14,46,50,0.833333,0.505155,0.833333,0.626866,,0.233333,true,
C07,foreign_worker,Foreign Worker,No,Yes,demographic_parity,Demographic Parity,0.76,66.5000,34.8797,6,194,6,134,0,60,5,0,0,1,81,13,47,53,0.833333,0.484536,0.833333,0.604478,,0.216667,true,
C07,foreign_worker,Foreign Worker,No,Yes,demographic_parity,Demographic Parity,0.77,63.5000,20.7904,6,194,6,134,0,60,4,0,0,2,76,13,47,58,0.666667,0.458763,0.666667,0.567164,,0.216667,true,
C07,foreign_worker,Foreign Worker,No,Yes,demographic_parity,Demographic Parity,0.78,60.5000,24.9141,6,194,6,134,0,60,4,0,0,2,69,12,48,65,0.666667,0.417526,0.666667,0.514925,,0.200000,true,
C07,foreign_worker,Foreign Worker,No,Yes,demographic_parity,Demographic Parity,0.79,59.5000,25.9450,6,194,6,134,0,60,4,0,0,2,67,12,48,67,0.666667,0.407216,0.666667,0.500000,,0.200000,true,
C07,foreign_worker,Foreign Worker,No,Yes,demographic_parity,Demographic Parity,0.80,59.5000,26.9759,6,194,6,134,0,60,4,0,0,2,66,11,49,68,0.666667,0.396907,0.666667,0.492537,,0.183333,true,
C07,foreign_worker,Foreign Worker,No,Yes,demographic_parity,Demographic Parity,0.81,56.0000,31.6151,6,194,6,134,0,60,4,0,0,2,58,10,50,76,0.666667,0.350515,0.666667,0.432836,,0.166667,true,
C07,foreign_worker,Foreign Worker,No,Yes,demographic_parity,Demographic Parity,0.82,55.0000,33.6770,6,194,6,134,0,60,4,0,0,2,55,9,51,79,0.666667,0.329897,0.666667,0.410448,,0.150000,true,
C07,foreign_worker,Foreign Worker,No,Yes,demographic_parity,Demographic Parity,0.83,53.0000,36.7698,6,194,6,134,0,60,4,0,0,2,50,8,52,84,0.666667,0.298969,0.666667,0.373134,,0.133333,true,
C07,foreign_worker,Foreign Worker,No,Yes,demographic_parity,Demographic Parity,0.84,49.5000,24.2268,6,194,6,134,0,60,3,0,0,3,43,7,53,91,0.500000,0.257732,0.500000,0.320896,,0.116667,true,
C07,foreign_worker,Foreign Worker,No,Yes,demographic_parity,Demographic Parity,0.85,47.0000,10.6529,6,194,6,134,0,60,2,0,0,4,38,6,54,96,0.333333,0.226804,0.333333,0.283582,,0.100000,true,
C07,foreign_worker,Foreign Worker,No,Yes,demographic_parity,Demographic Parity,0.86,45.5000,13.2302,6,194,6,134,0,60,2,0,0,4,34,5,55,100,0.333333,0.201031,0.333333,0.253731,,0.083333,true,
C07,foreign_worker,Foreign Worker,No,Yes,demographic_parity,Demographic Parity,0.87,44.5000,14.2612,6,194,6,134,0,60,2,0,0,4,32,5,55,102,0.333333,0.190722,0.333333,0.238806,,0.083333,true,
C07,foreign_worker,Foreign Worker,No,Yes,demographic_parity,Demographic Parity,0.88,44.0000,15.8076,6,194,6,134,0,60,2,0,0,4,30,4,56,104,0.333333,0.175258,0.333333,0.223881,,0.066667,true,
C07,foreign_worker,Foreign Worker,No,Yes,demographic_parity,Demographic Parity,0.89,41.5000,18.3849,6,194,6,134,0,60,2,0,0,4,25,4,56,109,0.333333,0.149485,0.333333,0.186567,,0.066667,true,
C07,foreign_worker,Foreign Worker,No,Yes,demographic_parity,Demographic Parity,0.90,39.0000,21.9931,6,194,6,134,0,60,2,0,0,4,19,3,57,115,0.333333,0.113402,0.333333,0.141791,,0.050000,true,
C07,foreign_worker,Foreign Worker,No,Yes,demographic_parity,Demographic Parity,0.91,36.5000,24.5704,6,194,6,134,0,60,2,0,0,4,14,3,57,120,0.333333,0.087629,0.333333,0.104478,,0.050000,true,
C07,foreign_worker,Foreign Worker,No,Yes,demographic_parity,Demographic Parity,0.92,33.5000,12.5430,6,194,6,134,0,60,1,0,0,5,7,1,59,127,0.166667,0.041237,0.166667,0.052239,,0.016667,true,
C07,foreign_worker,Foreign Worker,No,Yes,demographic_parity,Demographic Parity,0.93,32.0000,3.0928,6,194,6,134,0,60,0,0,0,6,5,1,59,129,0.000000,0.030928,0.000000,0.037313,,0.016667,true,
C07,foreign_worker,Foreign Worker,No,Yes,demographic_parity,Demographic Parity,0.94,31.0000,1.0309,6,194,6,134,0,60,0,0,0,6,2,0,60,132,0.000000,0.010309,0.000000,0.014925,,0.000000,true,
C07,foreign_worker,Foreign Worker,No,Yes,demographic_parity,Demographic Parity,0.95,30.5000,0.5155,6,194,6,134,0,60,0,0,0,6,1,0,60,133,0.000000,0.005155,0.000000,0.007463,,0.000000,true,
C08,foreign_worker,Foreign Worker,No,Yes,equal_opportunity,Equal Opportunity,0.05,70.0000,0.0000,6,194,6,134,0,60,6,0,0,0,134,60,0,0,1.000000,1.000000,1.000000,1.000000,,1.000000,true,
C08,foreign_worker,Foreign Worker,No,Yes,equal_opportunity,Equal Opportunity,0.06,70.0000,0.0000,6,194,6,134,0,60,6,0,0,0,134,60,0,0,1.000000,1.000000,1.000000,1.000000,,1.000000,true,
C08,foreign_worker,Foreign Worker,No,Yes,equal_opportunity,Equal Opportunity,0.07,70.0000,0.0000,6,194,6,134,0,60,6,0,0,0,134,60,0,0,1.000000,1.000000,1.000000,1.000000,,1.000000,true,
C08,foreign_worker,Foreign Worker,No,Yes,equal_opportunity,Equal Opportunity,0.08,70.0000,0.0000,6,194,6,134,0,60,6,0,0,0,134,60,0,0,1.000000,1.000000,1.000000,1.000000,,1.000000,true,
C08,foreign_worker,Foreign Worker,No,Yes,equal_opportunity,Equal Opportunity,0.09,70.0000,0.0000,6,194,6,134,0,60,6,0,0,0,134,60,0,0,1.000000,1.000000,1.000000,1.000000,,1.000000,true,
C08,foreign_worker,Foreign Worker,No,Yes,equal_opportunity,Equal Opportunity,0.10,70.0000,0.0000,6,194,6,134,0,60,6,0,0,0,134,60,0,0,1.000000,1.000000,1.000000,1.000000,,1.000000,true,
C08,foreign_worker,Foreign Worker,No,Yes,equal_opportunity,Equal Opportunity,0.11,70.0000,0.0000,6,194,6,134,0,60,6,0,0,0,134,60,0,0,1.000000,1.000000,1.000000,1.000000,,1.000000,true,
C08,foreign_worker,Foreign Worker,No,Yes,equal_opportunity,Equal Opportunity,0.12,70.0000,0.0000,6,194,6,134,0,60,6,0,0,0,134,60,0,0,1.000000,1.000000,1.000000,1.000000,,1.000000,true,
C08,foreign_worker,Foreign Worker,No,Yes,equal_opportunity,Equal Opportunity,0.13,70.0000,0.0000,6,194,6,134,0,60,6,0,0,0,134,60,0,0,1.000000,1.000000,1.000000,1.000000,,1.000000,true,
C08,foreign_worker,Foreign Worker,No,Yes,equal_opportunity,Equal Opportunity,0.14,70.0000,0.0000,6,194,6,134,0,60,6,0,0,0,134,60,0,0,1.000000,1.000000,1.000000,1.000000,,1.000000,true,
C08,foreign_worker,Foreign Worker,No,Yes,equal_opportunity,Equal Opportunity,0.15,70.0000,0.0000,6,194,6,134,0,60,6,0,0,0,134,60,0,0,1.000000,1.000000,1.000000,1.000000,,1.000000,true,
C08,foreign_worker,Foreign Worker,No,Yes,equal_opportunity,Equal Opportunity,0.16,70.0000,0.0000,6,194,6,134,0,60,6,0,0,0,134,60,0,0,1.000000,1.000000,1.000000,1.000000,,1.000000,true,
C08,foreign_worker,Foreign Worker,No,Yes,equal_opportunity,Equal Opportunity,0.17,70.0000,0.0000,6,194,6,134,0,60,6,0,0,0,134,60,0,0,1.000000,1.000000,1.000000,1.000000,,1.000000,true,
C08,foreign_worker,Foreign Worker,No,Yes,equal_opportunity,Equal Opportunity,0.18,70.0000,0.0000,6,194,6,134,0,60,6,0,0,0,134,60,0,0,1.000000,1.000000,1.000000,1.000000,,1.000000,true,
C08,foreign_worker,Foreign Worker,No,Yes,equal_opportunity,Equal Opportunity,0.19,70.0000,0.0000,6,194,6,134,0,60,6,0,0,0,134,60,0,0,1.000000,1.000000,1.000000,1.000000,,1.000000,true,
C08,foreign_worker,Foreign Worker,No,Yes,equal_opportunity,Equal Opportunity,0.20,70.0000,0.0000,6,194,6,134,0,60,6,0,0,0,134,60,0,0,1.000000,1.000000,1.000000,1.000000,,1.000000,true,
C08,foreign_worker,Foreign Worker,No,Yes,equal_opportunity,Equal Opportunity,0.21,70.0000,0.0000,6,194,6,134,0,60,6,0,0,0,134,60,0,0,1.000000,1.000000,1.000000,1.000000,,1.000000,true,
C08,foreign_worker,Foreign Worker,No,Yes,equal_opportunity,Equal Opportunity,0.22,70.0000,0.0000,6,194,6,134,0,60,6,0,0,0,134,60,0,0,1.000000,1.000000,1.000000,1.000000,,1.000000,true,
C08,foreign_worker,Foreign Worker,No,Yes,equal_opportunity,Equal Opportunity,0.23,70.0000,0.0000,6,194,6,134,0,60,6,0,0,0,134,60,0,0,1.000000,1.000000,1.000000,1.000000,,1.000000,true,
C08,foreign_worker,Foreign Worker,No,Yes,equal_opportunity,Equal Opportunity,0.24,70.0000,0.0000,6,194,6,134,0,60,6,0,0,0,134,60,0,0,1.000000,1.000000,1.000000,1.000000,,1.000000,true,
C08,foreign_worker,Foreign Worker,No,Yes,equal_opportunity,Equal Opportunity,0.25,70.0000,0.0000,6,194,6,134,0,60,6,0,0,0,134,60,0,0,1.000000,1.000000,1.000000,1.000000,,1.000000,true,
C08,foreign_worker,Foreign Worker,No,Yes,equal_opportunity,Equal Opportunity,0.26,70.0000,0.0000,6,194,6,134,0,60,6,0,0,0,134,60,0,0,1.000000,1.000000,1.000000,1.000000,,1.000000,true,
C08,foreign_worker,Foreign Worker,No,Yes,equal_opportunity,Equal Opportunity,0.27,70.0000,0.0000,6,194,6,134,0,60,6,0,0,0,134,60,0,0,1.000000,1.000000,1.000000,1.000000,,1.000000,true,
C08,foreign_worker,Foreign Worker,No,Yes,equal_opportunity,Equal Opportunity,0.28,70.0000,0.0000,6,194,6,134,0,60,6,0,0,0,134,60,0,0,1.000000,1.000000,1.000000,1.000000,,1.000000,true,
C08,foreign_worker,Foreign Worker,No,Yes,equal_opportunity,Equal Opportunity,0.29,70.0000,0.0000,6,194,6,134,0,60,6,0,0,0,134,60,0,0,1.000000,1.000000,1.000000,1.000000,,1.000000,true,
C08,foreign_worker,Foreign Worker,No,Yes,equal_opportunity,Equal Opportunity,0.30,70.0000,0.0000,6,194,6,134,0,60,6,0,0,0,134,60,0,0,1.000000,1.000000,1.000000,1.000000,,1.000000,true,
C08,foreign_worker,Foreign Worker,No,Yes,equal_opportunity,Equal Opportunity,0.31,70.5000,0.0000,6,194,6,134,0,60,6,0,0,0,134,59,1,0,1.000000,0.994845,1.000000,1.000000,,0.983333,true,
C08,foreign_worker,Foreign Worker,No,Yes,equal_opportunity,Equal Opportunity,0.32,70.5000,0.0000,6,194,6,134,0,60,6,0,0,0,134,59,1,0,1.000000,0.994845,1.000000,1.000000,,0.983333,true,
C08,foreign_worker,Foreign Worker,No,Yes,equal_opportunity,Equal Opportunity,0.33,71.0000,0.0000,6,194,6,134,0,60,6,0,0,0,134,58,2,0,1.000000,0.989691,1.000000,1.000000,,0.966667,true,
C08,foreign_worker,Foreign Worker,No,Yes,equal_opportunity,Equal Opportunity,0.34,71.0000,0.0000,6,194,6,134,0,60,6,0,0,0,134,58,2,0,1.000000,0.989691,1.000000,1.000000,,0.966667,true,
C08,foreign_worker,Foreign Worker,No,Yes,equal_opportunity,Equal Opportunity,0.35,71.0000,0.0000,6,194,6,134,0,60,6,0,0,0,134,58,2,0,1.000000,0.989691,1.000000,1.000000,,0.966667,true,
C08,foreign_worker,Foreign Worker,No,Yes,equal_opportunity,Equal Opportunity,0.36,71.5000,0.0000,6,194,6,134,0,60,6,0,0,0,134,57,3,0,1.000000,0.984536,1.000000,1.000000,,0.950000,true,
C08,foreign_worker,Foreign Worker,No,Yes,equal_opportunity,Equal Opportunity,0.37,72.0000,0.0000,6,194,6,134,0,60,6,0,0,0,134,56,4,0,1.000000,0.979381,1.000000,1.000000,,0.933333,true,
C08,foreign_worker,Foreign Worker,No,Yes,equal_opportunity,Equal Opportunity,0.38,72.5000,0.0000,6,194,6,134,0,60,6,0,0,0,134,55,5,0,1.000000,0.974227,1.000000,1.000000,,0.916667,true,
C08,foreign_worker,Foreign Worker,No,Yes,equal_opportunity,Equal Opportunity,0.39,72.5000,0.0000,6,194,6,134,0,60,6,0,0,0,134,55,5,0,1.000000,0.974227,1.000000,1.000000,,0.916667,true,
C08,foreign_worker,Foreign Worker,No,Yes,equal_opportunity,Equal Opportunity,0.40,72.5000,0.0000,6,194,6,134,0,60,6,0,0,0,134,55,5,0,1.000000,0.974227,1.000000,1.000000,,0.916667,true,
C08,foreign_worker,Foreign Worker,No,Yes,equal_opportunity,Equal Opportunity,0.41,74.0000,0.0000,6,194,6,134,0,60,6,0,0,0,134,52,8,0,1.000000,0.958763,1.000000,1.000000,,0.866667,true,
C08,foreign_worker,Foreign Worker,No,Yes,equal_opportunity,Equal Opportunity,0.42,74.0000,0.0000,6,194,6,134,0,60,6,0,0,0,134,52,8,0,1.000000,0.958763,1.000000,1.000000,,0.866667,true,
C08,foreign_worker,Foreign Worker,No,Yes,equal_opportunity,Equal Opportunity,0.43,76.0000,0.0000,6,194,6,134,0,60,6,0,0,0,134,48,12,0,1.000000,0.938144,1.000000,1.000000,,0.800000,true,
C08,foreign_worker,Foreign Worker,No,Yes,equal_opportunity,Equal Opportunity,0.44,76.0000,0.7463,6,194,6,134,0,60,6,0,0,0,133,47,13,1,1.000000,0.927835,1.000000,0.992537,,0.783333,true,
C08,foreign_worker,Foreign Worker,No,Yes,equal_opportunity,Equal Opportunity,0.45,76.5000,0.7463,6,194,6,134,0,60,6,0,0,0,133,46,14,1,1.000000,0.922680,1.000000,0.992537,,0.766667,true,
C08,foreign_worker,Foreign Worker,No,Yes,equal_opportunity,Equal Opportunity,0.46,76.0000,2.2388,6,194,6,134,0,60,6,0,0,0,131,45,15,3,1.000000,0.907216,1.000000,0.977612,,0.750000,true,
C08,foreign_worker,Foreign Worker,No,Yes,equal_opportunity,Equal Opportunity,0.47,75.5000,2.9851,6,194,6,134,0,60,6,0,0,0,130,45,15,4,1.000000,0.902062,1.000000,0.970149,,0.750000,true,
C08,foreign_worker,Foreign Worker,No,Yes,equal_opportunity,Equal Opportunity,0.48,75.0000,4.4776,6,194,6,134,0,60,6,0,0,0,128,44,16,6,1.000000,0.886598,1.000000,0.955224,,0.733333,true,
C08,foreign_worker,Foreign Worker,No,Yes,equal_opportunity,Equal Opportunity,0.49,76.5000,4.4776,6,194,6,134,0,60,6,0,0,0,128,41,19,6,1.000000,0.871134,1.000000,0.955224,,0.683333,true,
C08,foreign_worker,Foreign Worker,No,Yes,equal_opportunity,Equal Opportunity,0.50,77.0000,5.2239,6,194,6,134,0,60,6,0,0,0,127,39,21,7,1.000000,0.855670,1.000000,0.947761,,0.650000,true,
C08,foreign_worker,Foreign Worker,No,Yes,equal_opportunity,Equal Opportunity,0.51,76.0000,6.7164,6,194,6,134,0,60,6,0,0,0,125,39,21,9,1.000000,0.845361,1.000000,0.932836,,0.650000,true,
C08,foreign_worker,Foreign Worker,No,Yes,equal_opportunity,Equal Opportunity,0.52,76.5000,7.4627,6,194,6,134,0,60,6,0,0,0,124,37,23,10,1.000000,0.829897,1.000000,0.925373,,0.616667,true,
C08,foreign_worker,Foreign Worker,No,Yes,equal_opportunity,Equal Opportunity,0.53,77.5000,8.2090,6,194,6,134,0,60,6,0,0,0,123,34,26,11,1.000000,0.809278,1.000000,0.917910,,0.566667,true,
C08,foreign_worker,Foreign Worker,No,Yes,equal_opportunity,Equal Opportunity,0.54,77.5000,8.9552,6,194,6,134,0,60,6,0,0,0,122,33,27,12,1.000000,0.798969,1.000000,0.910448,,0.550000,true,
C08,foreign_worker,Foreign Worker,No,Yes,equal_opportunity,Equal Opportunity,0.55,79.5000,8.9552,6,194,6,134,0,60,6,0,0,0,122,29,31,12,1.000000,0.778351,1.000000,0.910448,,0.483333,true,
C08,foreign_worker,Foreign Worker,No,Yes,equal_opportunity,Equal Opportunity,0.56,78.0000,11.1940,6,194,6,134,0,60,6,0,0,0,119,29,31,15,1.000000,0.762887,1.000000,0.888060,,0.483333,true,
C08,foreign_worker,Foreign Worker,No,Yes,equal_opportunity,Equal Opportunity,0.57,79.5000,11.1940,6,194,6,134,0,60,6,0,0,0,119,26,34,15,1.000000,0.747423,1.000000,0.888060,,0.433333,true,
C08,foreign_worker,Foreign Worker,No,Yes,equal_opportunity,Equal Opportunity,0.58,79.5000,11.9403,6,194,6,134,0,60,6,0,0,0,118,25,35,16,1.000000,0.737113,1.000000,0.880597,,0.416667,true,
C08,foreign_worker,Foreign Worker,No,Yes,equal_opportunity,Equal Opportunity,0.59,79.5000,11.9403,6,194,6,134,0,60,6,0,0,0,118,25,35,16,1.000000,0.737113,1.000000,0.880597,,0.416667,true,
C08,foreign_worker,Foreign Worker,No,Yes,equal_opportunity,Equal Opportunity,0.60,79.0000,12.6866,6,194,6,134,0,60,6,0,0,0,117,25,35,17,1.000000,0.731959,1.000000,0.873134,,0.416667,true,
C08,foreign_worker,Foreign Worker,No,Yes,equal_opportunity,Equal Opportunity,0.61,80.0000,12.6866,6,194,6,134,0,60,6,0,0,0,117,23,37,17,1.000000,0.721649,1.000000,0.873134,,0.383333,true,
C08,foreign_worker,Foreign Worker,No,Yes,equal_opportunity,Equal Opportunity,0.62,80.0000,13.4328,6,194,6,134,0,60,6,0,0,0,116,22,38,18,1.000000,0.711340,1.000000,0.865672,,0.366667,true,
C08,foreign_worker,Foreign Worker,No,Yes,equal_opportunity,Equal Opportunity,0.63,79.5000,14.9254,6,194,6,134,0,60,6,0,0,0,114,21,39,20,1.000000,0.695876,1.000000,0.850746,,0.350000,true,
C08,foreign_worker,Foreign Worker,No,Yes,equal_opportunity,Equal Opportunity,0.64,80.0000,14.9254,6,194,6,134,0,60,6,0,0,0,114,20,40,20,1.000000,0.690722,1.000000,0.850746,,0.333333,true,
C08,foreign_worker,Foreign Worker,No,Yes,equal_opportunity,Equal Opportunity,0.65,79.5000,15.6716,6,194,6,134,0,60,6,0,0,0,113,20,40,21,1.000000,0.685567,1.000000,0.843284,,0.333333,true,
C08,foreign_worker,Foreign Worker,No,Yes,equal_opportunity,Equal Opportunity,0.66,77.0000,19.4030,6,194,6,134,0,60,6,0,0,0,108,20,40,26,1.000000,0.659794,1.000000,0.805970,,0.333333,true,
C08,foreign_worker,Foreign Worker,No,Yes,equal_opportunity,Equal Opportunity,0.67,77.0000,20.1493,6,194,6,134,0,60,6,0,0,0,107,19,41,27,1.000000,0.649485,1.000000,0.798507,,0.316667,true,
C08,foreign_worker,Foreign Worker,No,Yes,equal_opportunity,Equal Opportunity,0.68,76.0000,21.6418,6,194,6,134,0,60,6,0,0,0,105,19,41,29,1.000000,0.639175,1.000000,0.783582,,0.316667,true,
C08,foreign_worker,Foreign Worker,No,Yes,equal_opportunity,Equal Opportunity,0.69,75.0000,23.8806,6,194,6,134,0,60,6,0,0,0,102,18,42,32,1.000000,0.618557,1.000000,0.761194,,0.300000,true,
C08,foreign_worker,Foreign Worker,No,Yes,equal_opportunity,Equal Opportunity,0.70,74.5000,26.1194,6,194,6,134,0,60,6,0,0,0,99,16,44,35,1.000000,0.592784,1.000000,0.738806,,0.266667,true,
C08,foreign_worker,Foreign Worker,No,Yes,equal_opportunity,Equal Opportunity,0.71,73.5000,28.3582,6,194,6,134,0,60,6,0,0,0,96,15,45,38,1.000000,0.572165,1.000000,0.716418,,0.250000,true,
C08,foreign_worker,Foreign Worker,No,Yes,equal_opportunity,Equal Opportunity,0.72,72.0000,30.5970,6,194,6,134,0,60,6,0,0,0,93,15,45,41,1.000000,0.556701,1.000000,0.694030,,0.250000,true,
C08,foreign_worker,Foreign Worker,No,Yes,equal_opportunity,Equal Opportunity,0.73,71.5000,32.0896,6,194,6,134,0,60,6,0,0,0,91,14,46,43,1.000000,0.541237,1.000000,0.679104,,0.233333,true,
C08,foreign_worker,Foreign Worker,No,Yes,equal_opportunity,Equal Opportunity,0.74,70.5000,33.5821,6,194,6,134,0,60,6,0,0,0,89,14,46,45,1.000000,0.530928,1.000000,0.664179,,0.233333,true,
C08,foreign_worker,Foreign Worker,No,Yes,equal_opportunity,Equal Opportunity,0.75,67.5000,20.6468,6,194,6,134,0,60,5,0,0,1,84,14,46,50,0.833333,0.505155,0.833333,0.626866,,0.233333,true,
C08,foreign_worker,Foreign Worker,No,Yes,equal_opportunity,Equal Opportunity,0.76,66.5000,22.8856,6,194,6,134,0,60,5,0,0,1,81,13,47,53,0.833333,0.484536,0.833333,0.604478,,0.216667,true,
C08,foreign_worker,Foreign Worker,No,Yes,equal_opportunity,Equal Opportunity,0.77,63.5000,9.9502,6,194,6,134,0,60,4,0,0,2,76,13,47,58,0.666667,0.458763,0.666667,0.567164,,0.216667,true,
C08,foreign_worker,Foreign Worker,No,Yes,equal_opportunity,Equal Opportunity,0.78,60.5000,15.1741,6,194,6,134,0,60,4,0,0,2,69,12,48,65,0.666667,0.417526,0.666667,0.514925,,0.200000,true,
C08,foreign_worker,Foreign Worker,No,Yes,equal_opportunity,Equal Opportunity,0.79,59.5000,16.6667,6,194,6,134,0,60,4,0,0,2,67,12,48,67,0.666667,0.407216,0.666667,0.500000,,0.200000,true,
C08,foreign_worker,Foreign Worker,No,Yes,equal_opportunity,Equal Opportunity,0.80,59.5000,17.4129,6,194,6,134,0,60,4,0,0,2,66,11,49,68,0.666667,0.396907,0.666667,0.492537,,0.183333,true,
C08,foreign_worker,Foreign Worker,No,Yes,equal_opportunity,Equal Opportunity,0.81,56.0000,23.3831,6,194,6,134,0,60,4,0,0,2,58,10,50,76,0.666667,0.350515,0.666667,0.432836,,0.166667,true,
C08,foreign_worker,Foreign Worker,No,Yes,equal_opportunity,Equal Opportunity,0.82,55.0000,25.6219,6,194,6,134,0,60,4,0,0,2,55,9,51,79,0.666667,0.329897,0.666667,0.410448,,0.150000,true,
C08,foreign_worker,Foreign Worker,No,Yes,equal_opportunity,Equal Opportunity,0.83,53.0000,29.3532,6,194,6,134,0,60,4,0,0,2,50,8,52,84,0.666667,0.298969,0.666667,0.373134,,0.133333,true,
C08,foreign_worker,Foreign Worker,No,Yes,equal_opportunity,Equal Opportunity,0.84,49.5000,17.9104,6,194,6,134,0,60,3,0,0,3,43,7,53,91,0.500000,0.257732,0.500000,0.320896,,0.116667,true,
C08,foreign_worker,Foreign Worker,No,Yes,equal_opportunity,Equal Opportunity,0.85,47.0000,4.9751,6,194,6,134,0,60,2,0,0,4,38,6,54,96,0.333333,0.226804,0.333333,0.283582,,0.100000,true,
C08,foreign_worker,Foreign Worker,No,Yes,equal_opportunity,Equal Opportunity,0.86,45.5000,7.9602,6,194,6,134,0,60,2,0,0,4,34,5,55,100,0.333333,0.201031,0.333333,0.253731,,0.083333,true,
C08,foreign_worker,Foreign Worker,No,Yes,equal_opportunity,Equal Opportunity,0.87,44.5000,9.4527,6,194,6,134,0,60,2,0,0,4,32,5,55,102,0.333333,0.190722,0.333333,0.238806,,0.083333,true,
C08,foreign_worker,Foreign Worker,No,Yes,equal_opportunity,Equal Opportunity,0.88,44.0000,10.9453,6,194,6,134,0,60,2,0,0,4,30,4,56,104,0.333333,0.175258,0.333333,0.223881,,0.066667,true,
C08,foreign_worker,Foreign Worker,No,Yes,equal_opportunity,Equal Opportunity,0.89,41.5000,14.6766,6,194,6,134,0,60,2,0,0,4,25,4,56,109,0.333333,0.149485,0.333333,0.186567,,0.066667,true,
C08,foreign_worker,Foreign Worker,No,Yes,equal_opportunity,Equal Opportunity,0.90,39.0000,19.1542,6,194,6,134,0,60,2,0,0,4,19,3,57,115,0.333333,0.113402,0.333333,0.141791,,0.050000,true,
C08,foreign_worker,Foreign Worker,No,Yes,equal_opportunity,Equal Opportunity,0.91,36.5000,22.8856,6,194,6,134,0,60,2,0,0,4,14,3,57,120,0.333333,0.087629,0.333333,0.104478,,0.050000,true,
C08,foreign_worker,Foreign Worker,No,Yes,equal_opportunity,Equal Opportunity,0.92,33.5000,11.4428,6,194,6,134,0,60,1,0,0,5,7,1,59,127,0.166667,0.041237,0.166667,0.052239,,0.016667,true,
C08,foreign_worker,Foreign Worker,No,Yes,equal_opportunity,Equal Opportunity,0.93,32.0000,3.7313,6,194,6,134,0,60,0,0,0,6,5,1,59,129,0.000000,0.030928,0.000000,0.037313,,0.016667,true,
C08,foreign_worker,Foreign Worker,No,Yes,equal_opportunity,Equal Opportunity,0.94,31.0000,1.4925,6,194,6,134,0,60,0,0,0,6,2,0,60,132,0.000000,0.010309,0.000000,0.014925,,0.000000,true,
C08,foreign_worker,Foreign Worker,No,Yes,equal_opportunity,Equal Opportunity,0.95,30.5000,0.7463,6,194,6,134,0,60,0,0,0,6,1,0,60,133,0.000000,0.005155,0.000000,0.007463,,0.000000,true,
C09,foreign_worker,Foreign Worker,No,Yes,equalized_odds,Equalized Odds,0.05,70.0000,,6,194,6,134,0,60,6,0,0,0,134,60,0,0,1.000000,1.000000,1.000000,1.000000,,1.000000,false,undefined metric denominator
C09,foreign_worker,Foreign Worker,No,Yes,equalized_odds,Equalized Odds,0.06,70.0000,,6,194,6,134,0,60,6,0,0,0,134,60,0,0,1.000000,1.000000,1.000000,1.000000,,1.000000,false,undefined metric denominator
C09,foreign_worker,Foreign Worker,No,Yes,equalized_odds,Equalized Odds,0.07,70.0000,,6,194,6,134,0,60,6,0,0,0,134,60,0,0,1.000000,1.000000,1.000000,1.000000,,1.000000,false,undefined metric denominator
C09,foreign_worker,Foreign Worker,No,Yes,equalized_odds,Equalized Odds,0.08,70.0000,,6,194,6,134,0,60,6,0,0,0,134,60,0,0,1.000000,1.000000,1.000000,1.000000,,1.000000,false,undefined metric denominator
C09,foreign_worker,Foreign Worker,No,Yes,equalized_odds,Equalized Odds,0.09,70.0000,,6,194,6,134,0,60,6,0,0,0,134,60,0,0,1.000000,1.000000,1.000000,1.000000,,1.000000,false,undefined metric denominator
C09,foreign_worker,Foreign Worker,No,Yes,equalized_odds,Equalized Odds,0.10,70.0000,,6,194,6,134,0,60,6,0,0,0,134,60,0,0,1.000000,1.000000,1.000000,1.000000,,1.000000,false,undefined metric denominator
C09,foreign_worker,Foreign Worker,No,Yes,equalized_odds,Equalized Odds,0.11,70.0000,,6,194,6,134,0,60,6,0,0,0,134,60,0,0,1.000000,1.000000,1.000000,1.000000,,1.000000,false,undefined metric denominator
C09,foreign_worker,Foreign Worker,No,Yes,equalized_odds,Equalized Odds,0.12,70.0000,,6,194,6,134,0,60,6,0,0,0,134,60,0,0,1.000000,1.000000,1.000000,1.000000,,1.000000,false,undefined metric denominator
C09,foreign_worker,Foreign Worker,No,Yes,equalized_odds,Equalized Odds,0.13,70.0000,,6,194,6,134,0,60,6,0,0,0,134,60,0,0,1.000000,1.000000,1.000000,1.000000,,1.000000,false,undefined metric denominator
C09,foreign_worker,Foreign Worker,No,Yes,equalized_odds,Equalized Odds,0.14,70.0000,,6,194,6,134,0,60,6,0,0,0,134,60,0,0,1.000000,1.000000,1.000000,1.000000,,1.000000,false,undefined metric denominator
C09,foreign_worker,Foreign Worker,No,Yes,equalized_odds,Equalized Odds,0.15,70.0000,,6,194,6,134,0,60,6,0,0,0,134,60,0,0,1.000000,1.000000,1.000000,1.000000,,1.000000,false,undefined metric denominator
C09,foreign_worker,Foreign Worker,No,Yes,equalized_odds,Equalized Odds,0.16,70.0000,,6,194,6,134,0,60,6,0,0,0,134,60,0,0,1.000000,1.000000,1.000000,1.000000,,1.000000,false,undefined metric denominator
C09,foreign_worker,Foreign Worker,No,Yes,equalized_odds,Equalized Odds,0.17,70.0000,,6,194,6,134,0,60,6,0,0,0,134,60,0,0,1.000000,1.000000,1.000000,1.000000,,1.000000,false,undefined metric denominator
C09,foreign_worker,Foreign Worker,No,Yes,equalized_odds,Equalized Odds,0.18,70.0000,,6,194,6,134,0,60,6,0,0,0,134,60,0,0,1.000000,1.000000,1.000000,1.000000,,1.000000,false,undefined metric denominator
C09,foreign_worker,Foreign Worker,No,Yes,equalized_odds,Equalized Odds,0.19,70.0000,,6,194,6,134,0,60,6,0,0,0,134,60,0,0,1.000000,1.000000,1.000000,1.000000,,1.000000,false,undefined metric denominator
C09,foreign_worker,Foreign Worker,No,Yes,equalized_odds,Equalized Odds,0.20,70.0000,,6,194,6,134,0,60,6,0,0,0,134,60,0,0,1.000000,1.000000,1.000000,1.000000,,1.000000,false,undefined metric denominator
C09,foreign_worker,Foreign Worker,No,Yes,equalized_odds,Equalized Odds,0.21,70.0000,,6,194,6,134,0,60,6,0,0,0,134,60,0,0,1.000000,1.000000,1.000000,1.000000,,1.000000,false,undefined metric denominator
C09,foreign_worker,Foreign Worker,No,Yes,equalized_odds,Equalized Odds,0.22,70.0000,,6,194,6,134,0,60,6,0,0,0,134,60,0,0,1.000000,1.000000,1.000000,1.000000,,1.000000,false,undefined metric denominator
C09,foreign_worker,Foreign Worker,No,Yes,equalized_odds,Equalized Odds,0.23,70.0000,,6,194,6,134,0,60,6,0,0,0,134,60,0,0,1.000000,1.000000,1.000000,1.000000,,1.000000,false,undefined metric denominator
C09,foreign_worker,Foreign Worker,No,Yes,equalized_odds,Equalized Odds,0.24,70.0000,,6,194,6,134,0,60,6,0,0,0,134,60,0,0,1.000000,1.000000,1.000000,1.000000,,1.000000,false,undefined metric denominator
C09,foreign_worker,Foreign Worker,No,Yes,equalized_odds,Equalized Odds,0.25,70.0000,,6,194,6,134,0,60,6,0,0,0,134,60,0,0,1.000000,1.000000,1.000000,1.000000,,1.000000,false,undefined metric denominator
C09,foreign_worker,Foreign Worker,No,Yes,equalized_odds,Equalized Odds,0.26,70.0000,,6,194,6,134,0,60,6,0,0,0,134,60,0,0,1.000000,1.000000,1.000000,1.000000,,1.000000,false,undefined metric denominator
C09,foreign_worker,Foreign Worker,No,Yes,equalized_odds,Equalized Odds,0.27,70.0000,,6,194,6,134,0,60,6,0,0,0,134,60,0,0,1.000000,1.000000,1.000000,1.000000,,1.000000,false,undefined metric denominator
C09,foreign_worker,Foreign Worker,No,Yes,equalized_odds,Equalized Odds,0.28,70.0000,,6,194,6,134,0,60,6,0,0,0,134,60,0,0,1.000000,1.000000,1.000000,1.000000,,1.000000,false,undefined metric denominator
C09,foreign_worker,Foreign Worker,No,Yes,equalized_odds,Equalized Odds,0.29,70.0000,,6,194,6,134,0,60,6,0,0,0,134,60,0,0,1.000000,1.000000,1.000000,1.000000,,1.000000,false,undefined metric denominator
C09,foreign_worker,Foreign Worker,No,Yes,equalized_odds,Equalized Odds,0.30,70.0000,,6,194,6,134,0,60,6,0,0,0,134,60,0,0,1.000000,1.000000,1.000000,1.000000,,1.000000,false,undefined metric denominator
C09,foreign_worker,Foreign Worker,No,Yes,equalized_odds,Equalized Odds,0.31,70.5000,,6,194,6,134,0,60,6,0,0,0,134,59,1,0,1.000000,0.994845,1.000000,1.000000,,0.983333,false,undefined metric denominator
C09,foreign_worker,Foreign Worker,No,Yes,equalized_odds,Equalized Odds,0.32,70.5000,,6,194,6,134,0,60,6,0,0,0,134,59,1,0,1.000000,0.994845,1.000000,1.000000,,0.983333,false,undefined metric denominator
C09,foreign_worker,Foreign Worker,No,Yes,equalized_odds,Equalized Odds,0.33,71.0000,,6,194,6,134,0,60,6,0,0,0,134,58,2,0,1.000000,0.989691,1.000000,1.000000,,0.966667,false,undefined metric denominator
C09,foreign_worker,Foreign Worker,No,Yes,equalized_odds,Equalized Odds,0.34,71.0000,,6,194,6,134,0,60,6,0,0,0,134,58,2,0,1.000000,0.989691,1.000000,1.000000,,0.966667,false,undefined metric denominator
C09,foreign_worker,Foreign Worker,No,Yes,equalized_odds,Equalized Odds,0.35,71.0000,,6,194,6,134,0,60,6,0,0,0,134,58,2,0,1.000000,0.989691,1.000000,1.000000,,0.966667,false,undefined metric denominator
C09,foreign_worker,Foreign Worker,No,Yes,equalized_odds,Equalized Odds,0.36,71.5000,,6,194,6,134,0,60,6,0,0,0,134,57,3,0,1.000000,0.984536,1.000000,1.000000,,0.950000,false,undefined metric denominator
C09,foreign_worker,Foreign Worker,No,Yes,equalized_odds,Equalized Odds,0.37,72.0000,,6,194,6,134,0,60,6,0,0,0,134,56,4,0,1.000000,0.979381,1.000000,1.000000,,0.933333,false,undefined metric denominator
C09,foreign_worker,Foreign Worker,No,Yes,equalized_odds,Equalized Odds,0.38,72.5000,,6,194,6,134,0,60,6,0,0,0,134,55,5,0,1.000000,0.974227,1.000000,1.000000,,0.916667,false,undefined metric denominator
C09,foreign_worker,Foreign Worker,No,Yes,equalized_odds,Equalized Odds,0.39,72.5000,,6,194,6,134,0,60,6,0,0,0,134,55,5,0,1.000000,0.974227,1.000000,1.000000,,0.916667,false,undefined metric denominator
C09,foreign_worker,Foreign Worker,No,Yes,equalized_odds,Equalized Odds,0.40,72.5000,,6,194,6,134,0,60,6,0,0,0,134,55,5,0,1.000000,0.974227,1.000000,1.000000,,0.916667,false,undefined metric denominator
C09,foreign_worker,Foreign Worker,No,Yes,equalized_odds,Equalized Odds,0.41,74.0000,,6,194,6,134,0,60,6,0,0,0,134,52,8,0,1.000000,0.958763,1.000000,1.000000,,0.866667,false,undefined metric denominator
C09,foreign_worker,Foreign Worker,No,Yes,equalized_odds,Equalized Odds,0.42,74.0000,,6,194,6,134,0,60,6,0,0,0,134,52,8,0,1.000000,0.958763,1.000000,1.000000,,0.866667,false,undefined metric denominator
C09,foreign_worker,Foreign Worker,No,Yes,equalized_odds,Equalized Odds,0.43,76.0000,,6,194,6,134,0,60,6,0,0,0,134,48,12,0,1.000000,0.938144,1.000000,1.000000,,0.800000,false,undefined metric denominator
C09,foreign_worker,Foreign Worker,No,Yes,equalized_odds,Equalized Odds,0.44,76.0000,,6,194,6,134,0,60,6,0,0,0,133,47,13,1,1.000000,0.927835,1.000000,0.992537,,0.783333,false,undefined metric denominator
C09,foreign_worker,Foreign Worker,No,Yes,equalized_odds,Equalized Odds,0.45,76.5000,,6,194,6,134,0,60,6,0,0,0,133,46,14,1,1.000000,0.922680,1.000000,0.992537,,0.766667,false,undefined metric denominator
C09,foreign_worker,Foreign Worker,No,Yes,equalized_odds,Equalized Odds,0.46,76.0000,,6,194,6,134,0,60,6,0,0,0,131,45,15,3,1.000000,0.907216,1.000000,0.977612,,0.750000,false,undefined metric denominator
C09,foreign_worker,Foreign Worker,No,Yes,equalized_odds,Equalized Odds,0.47,75.5000,,6,194,6,134,0,60,6,0,0,0,130,45,15,4,1.000000,0.902062,1.000000,0.970149,,0.750000,false,undefined metric denominator
C09,foreign_worker,Foreign Worker,No,Yes,equalized_odds,Equalized Odds,0.48,75.0000,,6,194,6,134,0,60,6,0,0,0,128,44,16,6,1.000000,0.886598,1.000000,0.955224,,0.733333,false,undefined metric denominator
C09,foreign_worker,Foreign Worker,No,Yes,equalized_odds,Equalized Odds,0.49,76.5000,,6,194,6,134,0,60,6,0,0,0,128,41,19,6,1.000000,0.871134,1.000000,0.955224,,0.683333,false,undefined metric denominator
C09,foreign_worker,Foreign Worker,No,Yes,equalized_odds,Equalized Odds,0.50,77.0000,,6,194,6,134,0,60,6,0,0,0,127,39,21,7,1.000000,0.855670,1.000000,0.947761,,0.650000,false,undefined metric denominator
C09,foreign_worker,Foreign Worker,No,Yes,equalized_odds,Equalized Odds,0.51,76.0000,,6,194,6,134,0,60,6,0,0,0,125,39,21,9,1.000000,0.845361,1.000000,0.932836,,0.650000,false,undefined metric denominator
C09,foreign_worker,Foreign Worker,No,Yes,equalized_odds,Equalized Odds,0.52,76.5000,,6,194,6,134,0,60,6,0,0,0,124,37,23,10,1.000000,0.829897,1.000000,0.925373,,0.616667,false,undefined metric denominator
C09,foreign_worker,Foreign Worker,No,Yes,equalized_odds,Equalized Odds,0.53,77.5000,,6,194,6,134,0,60,6,0,0,0,123,34,26,11,1.000000,0.809278,1.000000,0.917910,,0.566667,false,undefined metric denominator
C09,foreign_worker,Foreign Worker,No,Yes,equalized_odds,Equalized Odds,0.54,77.5000,,6,194,6,134,0,60,6,0,0,0,122,33,27,12,1.000000,0.798969,1.000000,0.910448,,0.550000,false,undefined metric denominator
C09,foreign_worker,Foreign Worker,No,Yes,equalized_odds,Equalized Odds,0.55,79.5000,,6,194,6,134,0,60,6,0,0,0,122,29,31,12,1.000000,0.778351,1.000000,0.910448,,0.483333,false,undefined metric denominator
C09,foreign_worker,Foreign Worker,No,Yes,equalized_odds,Equalized Odds,0.56,78.0000,,6,194,6,134,0,60,6,0,0,0,119,29,31,15,1.000000,0.762887,1.000000,0.888060,,0.483333,false,undefined metric denominator
C09,foreign_worker,Foreign Worker,No,Yes,equalized_odds,Equalized Odds,0.57,79.5000,,6,194,6,134,0,60,6,0,0,0,119,26,34,15,1.000000,0.747423,1.000000,0.888060,,0.433333,false,undefined metric denominator
C09,foreign_worker,Foreign Worker,No,Yes,equalized_odds,Equalized Odds,0.58,79.5000,,6,194,6,134,0,60,6,0,0,0,118,25,35,16,1.000000,0.737113,1.000000,0.880597,,0.416667,false,undefined metric denominator
C09,foreign_worker,Foreign Worker,No,Yes,equalized_odds,Equalized Odds,0.59,79.5000,,6,194,6,134,0,60,6,0,0,0,118,25,35,16,1.000000,0.737113,1.000000,0.880597,,0.416667,false,undefined metric denominator
C09,foreign_worker,Foreign Worker,No,Yes,equalized_odds,Equalized Odds,0.60,79.0000,,6,194,6,134,0,60,6,0,0,0,117,25,35,17,1.000000,0.731959,1.000000,0.873134,,0.416667,false,undefined metric denominator
C09,foreign_worker,Foreign Worker,No,Yes,equalized_odds,Equalized Odds,0.61,80.0000,,6,194,6,134,0,60,6,0,0,0,117,23,37,17,1.000000,0.721649,1.000000,0.873134,,0.383333,false,undefined metric denominator
C09,foreign_worker,Foreign Worker,No,Yes,equalized_odds,Equalized Odds,0.62,80.0000,,6,194,6,134,0,60,6,0,0,0,116,22,38,18,1.000000,0.711340,1.000000,0.865672,,0.366667,false,undefined metric denominator
C09,foreign_worker,Foreign Worker,No,Yes,equalized_odds,Equalized Odds,0.63,79.5000,,6,194,6,134,0,60,6,0,0,0,114,21,39,20,1.000000,0.695876,1.000000,0.850746,,0.350000,false,undefined metric denominator
C09,foreign_worker,Foreign Worker,No,Yes,equalized_odds,Equalized Odds,0.64,80.0000,,6,194,6,134,0,60,6,0,0,0,114,20,40,20,1.000000,0.690722,1.000000,0.850746,,0.333333,false,undefined metric denominator
C09,foreign_worker,Foreign Worker,No,Yes,equalized_odds,Equalized Odds,0.65,79.5000,,6,194,6,134,0,60,6,0,0,0,113,20,40,21,1.000000,0.685567,1.000000,0.843284,,0.333333,false,undefined metric denominator
C09,foreign_worker,Foreign Worker,No,Yes,equalized_odds,Equalized Odds,0.66,77.0000,,6,194,6,134,0,60,6,0,0,0,108,20,40,26,1.000000,0.659794,1.000000,0.805970,,0.333333,false,undefined metric denominator
C09,foreign_worker,Foreign Worker,No,Yes,equalized_odds,Equalized Odds,0.67,77.0000,,6,194,6,134,0,60,6,0,0,0,107,19,41,27,1.000000,0.649485,1.000000,0.798507,,0.316667,false,undefined metric denominator
C09,foreign_worker,Foreign Worker,No,Yes,equalized_odds,Equalized Odds,0.68,76.0000,,6,194,6,134,0,60,6,0,0,0,105,19,41,29,1.000000,0.639175,1.000000,0.783582,,0.316667,false,undefined metric denominator
C09,foreign_worker,Foreign Worker,No,Yes,equalized_odds,Equalized Odds,0.69,75.0000,,6,194,6,134,0,60,6,0,0,0,102,18,42,32,1.000000,0.618557,1.000000,0.761194,,0.300000,false,undefined metric denominator
C09,foreign_worker,Foreign Worker,No,Yes,equalized_odds,Equalized Odds,0.70,74.5000,,6,194,6,134,0,60,6,0,0,0,99,16,44,35,1.000000,0.592784,1.000000,0.738806,,0.266667,false,undefined metric denominator
C09,foreign_worker,Foreign Worker,No,Yes,equalized_odds,Equalized Odds,0.71,73.5000,,6,194,6,134,0,60,6,0,0,0,96,15,45,38,1.000000,0.572165,1.000000,0.716418,,0.250000,false,undefined metric denominator
C09,foreign_worker,Foreign Worker,No,Yes,equalized_odds,Equalized Odds,0.72,72.0000,,6,194,6,134,0,60,6,0,0,0,93,15,45,41,1.000000,0.556701,1.000000,0.694030,,0.250000,false,undefined metric denominator
C09,foreign_worker,Foreign Worker,No,Yes,equalized_odds,Equalized Odds,0.73,71.5000,,6,194,6,134,0,60,6,0,0,0,91,14,46,43,1.000000,0.541237,1.000000,0.679104,,0.233333,false,undefined metric denominator
C09,foreign_worker,Foreign Worker,No,Yes,equalized_odds,Equalized Odds,0.74,70.5000,,6,194,6,134,0,60,6,0,0,0,89,14,46,45,1.000000,0.530928,1.000000,0.664179,,0.233333,false,undefined metric denominator
C09,foreign_worker,Foreign Worker,No,Yes,equalized_odds,Equalized Odds,0.75,67.5000,,6,194,6,134,0,60,5,0,0,1,84,14,46,50,0.833333,0.505155,0.833333,0.626866,,0.233333,false,undefined metric denominator
C09,foreign_worker,Foreign Worker,No,Yes,equalized_odds,Equalized Odds,0.76,66.5000,,6,194,6,134,0,60,5,0,0,1,81,13,47,53,0.833333,0.484536,0.833333,0.604478,,0.216667,false,undefined metric denominator
C09,foreign_worker,Foreign Worker,No,Yes,equalized_odds,Equalized Odds,0.77,63.5000,,6,194,6,134,0,60,4,0,0,2,76,13,47,58,0.666667,0.458763,0.666667,0.567164,,0.216667,false,undefined metric denominator
C09,foreign_worker,Foreign Worker,No,Yes,equalized_odds,Equalized Odds,0.78,60.5000,,6,194,6,134,0,60,4,0,0,2,69,12,48,65,0.666667,0.417526,0.666667,0.514925,,0.200000,false,undefined metric denominator
C09,foreign_worker,Foreign Worker,No,Yes,equalized_odds,Equalized Odds,0.79,59.5000,,6,194,6,134,0,60,4,0,0,2,67,12,48,67,0.666667,0.407216,0.666667,0.500000,,0.200000,false,undefined metric denominator
C09,foreign_worker,Foreign Worker,No,Yes,equalized_odds,Equalized Odds,0.80,59.5000,,6,194,6,134,0,60,4,0,0,2,66,11,49,68,0.666667,0.396907,0.666667,0.492537,,0.183333,false,undefined metric denominator
C09,foreign_worker,Foreign Worker,No,Yes,equalized_odds,Equalized Odds,0.81,56.0000,,6,194,6,134,0,60,4,0,0,2,58,10,50,76,0.666667,0.350515,0.666667,0.432836,,0.166667,false,undefined metric denominator
C09,foreign_worker,Foreign Worker,No,Yes,equalized_odds,Equalized Odds,0.82,55.0000,,6,194,6,134,0,60,4,0,0,2,55,9,51,79,0.666667,0.329897,0.666667,0.410448,,0.150000,false,undefined metric denominator
C09,foreign_worker,Foreign Worker,No,Yes,equalized_odds,Equalized Odds,0.83,53.0000,,6,194,6,134,0,60,4,0,0,2,50,8,52,84,0.666667,0.298969,0.666667,0.373134,,0.133333,false,undefined metric denominator
C09,foreign_worker,Foreign Worker,No,Yes,equalized_odds,Equalized Odds,0.84,49.5000,,6,194,6,134,0,60,3,0,0,3,43,7,53,91,0.500000,0.257732,0.500000,0.320896,,0.116667,false,undefined metric denominator
C09,foreign_worker,Foreign Worker,No,Yes,equalized_odds,Equalized Odds,0.85,47.0000,,6,194,6,134,0,60,2,0,0,4,38,6,54,96,0.333333,0.226804,0.333333,0.283582,,0.100000,false,undefined metric denominator
C09,foreign_worker,Foreign Worker,No,Yes,equalized_odds,Equalized Odds,0.86,45.5000,,6,194,6,134,0,60,2,0,0,4,34,5,55,100,0.333333,0.201031,0.333333,0.253731,,0.083333,false,undefined metric denominator
C09,foreign_worker,Foreign Worker,No,Yes,equalized_odds,Equalized Odds,0.87,44.5000,,6,194,6,134,0,60,2,0,0,4,32,5,55,102,0.333333,0.190722,0.333333,0.238806,,0.083333,false,undefined metric denominator
C09,foreign_worker,Foreign Worker,No,Yes,equalized_odds,Equalized Odds,0.88,44.0000,,6,194,6,134,0,60,2,0,0,4,30,4,56,104,0.333333,0.175258,0.333333,0.223881,,0.066667,false,undefined metric denominator
C09,foreign_worker,Foreign Worker,No,Yes,equalized_odds,Equalized Odds,0.89,41.5000,,6,194,6,134,0,60,2,0,0,4,25,4,56,109,0.333333,0.149485,0.333333,0.186567,,0.066667,false,undefined metric denominator
C09,foreign_worker,Foreign Worker,No,Yes,equalized_odds,Equalized Odds,0.90,39.0000,,6,194,6,134,0,60,2,0,0,4,19,3,57,115,0.333333,0.113402,0.333333,0.141791,,0.050000,false,undefined metric denominator
C09,foreign_worker,Foreign Worker,No,Yes,equalized_odds,Equalized Odds,0.91,36.5000,,6,194,6,134,0,60,2,0,0,4,14,3,57,120,0.333333,0.087629,0.333333,0.104478,,0.050000,false,undefined metric denominator
C09,foreign_worker,Foreign Worker,No,Yes,equalized_odds,Equalized Odds,0.92,33.5000,,6,194,6,134,0,60,1,0,0,5,7,1,59,127,0.166667,0.041237,0.166667,0.052239,,0.016667,false,undefined metric denominator
C09,foreign_worker,Foreign Worker,No,Yes,equalized_odds,Equalized Odds,0.93,32.0000,,6,194,6,134,0,60,0,0,0,6,5,1,59,129,0.000000,0.030928,0.000000,0.037313,,0.016667,false,undefined metric denominator
C09,foreign_worker,Foreign Worker,No,Yes,equalized_odds,Equalized Odds,0.94,31.0000,,6,194,6,134,0,60,0,0,0,6,2,0,60,132,0.000000,0.010309,0.000000,0.014925,,0.000000,false,undefined metric denominator
C09,foreign_worker,Foreign Worker,No,Yes,equalized_odds,Equalized Odds,0.95,30.5000,,6,194,6,134,0,60,0,0,0,6,1,0,60,133,0.000000,0.005155,0.000000,0.007463,,0.000000,false,undefined metric denominator
